review_id,review,rating,date,bank,sentiment_label,sentiment_score,identified_theme,is_high_risk,review_word_count,is_short_review,detected_language,translated_review
0,Good to use,5,2026-05-12,Commercial Bank of Ethiopia,POSITIVE,0.9998455047607422,Feature Request / General,0,3,True,en,Good to use
1,cbe,1,2026-05-12,Commercial Bank of Ethiopia,POSITIVE,0.9966009855270386,Feature Request / General,0,1,True,en,cbe
2,https..//digital,1,2026-05-11,Commercial Bank of Ethiopia,POSITIVE,0.6109107732772827,Feature Request / General,0,1,True,en,https..//digital
3,Cbe,4,2026-05-11,Commercial Bank of Ethiopia,POSITIVE,0.9966009855270386,Feature Request / General,0,1,True,en,Cbe
4,best and secured,5,2026-05-11,Commercial Bank of Ethiopia,POSITIVE,0.9998188614845276,Feature Request / General,0,3,True,en,best and secured
5,best,5,2026-05-11,Commercial Bank of Ethiopia,POSITIVE,0.9997941851615906,Feature Request / General,0,1,True,en,best
6,ok,5,2026-05-11,Commercial Bank of Ethiopia,POSITIVE,0.9997851252555848,Feature Request / General,0,1,True,en,ok
7,good,5,2026-05-10,Commercial Bank of Ethiopia,POSITIVE,0.999816119670868,Feature Request / General,0,1,True,en,good
8,why is my transaction fee hidden? Why doesn't the app show some of the transaction fees before. eg vat 15% show it togather before confirmation not after it feels like a scam.,3,2026-05-10,Commercial Bank of Ethiopia,NEGATIVE,0.0011453628540039,Transaction Performance,0,32,False,en,why is my transaction fee hidden? Why doesn't the app show some of the transaction fees before. eg vat 15% show it togather before confirmation not after it feels like a scam.
9,Gal✅😶‍🌫️,1,2026-05-10,Commercial Bank of Ethiopia,NEGATIVE,0.3029435276985168,Feature Request / General,0,1,True,en,Gal✅😶‍🌫️
10,posetive,5,2026-05-10,Commercial Bank of Ethiopia,POSITIVE,0.9818595051765442,Feature Request / General,0,1,True,en,posetive
11,እ. በ. ጥ. ነው,5,2026-05-10,Commercial Bank of Ethiopia,NEUTRAL,0.0,Feature Request / General,0,4,False,am,E. as if. Q. is it
12,good,5,2026-05-09,Commercial Bank of Ethiopia,POSITIVE,0.999816119670868,Feature Request / General,0,1,True,en,good
13,It is usefull app,5,2026-05-09,Commercial Bank of Ethiopia,POSITIVE,0.9959065914154052,Feature Request / General,0,4,False,en,It is usefull app
14,this app is so functional for airtime for wallet and,5,2026-05-09,Commercial Bank of Ethiopia,NEGATIVE,0.0845732688903808,Feature Request / General,0,10,False,en,this app is so functional for airtime for wallet and
15,very amazing app,5,2026-05-09,Commercial Bank of Ethiopia,POSITIVE,0.9998725652694702,Feature Request / General,0,3,True,en,very amazing app
16,excellent service,5,2026-05-09,Commercial Bank of Ethiopia,POSITIVE,0.9998576641082764,Customer Support,0,2,True,en,excellent service
17,There is a a problem when updating the app,3,2026-05-09,Commercial Bank of Ethiopia,NEGATIVE,0.0010183453559875,Feature Request / General,0,9,False,en,There is a a problem when updating the app
18,good,5,2026-05-09,Commercial Bank of Ethiopia,POSITIVE,0.999816119670868,Feature Request / General,0,1,True,en,good
19,good,5,2026-05-09,Commercial Bank of Ethiopia,POSITIVE,0.999816119670868,Feature Request / General,0,1,True,en,good
20,Cbe,3,2026-05-09,Commercial Bank of Ethiopia,POSITIVE,0.9966009855270386,Feature Request / General,0,1,True,en,Cbe
21,smart app,4,2026-05-08,Commercial Bank of Ethiopia,POSITIVE,0.999789297580719,Feature Request / General,0,2,True,en,smart app
22,best,5,2026-05-08,Commercial Bank of Ethiopia,POSITIVE,0.9997941851615906,Feature Request / General,0,1,True,en,best
23,"Internet Based mobile app for CBEBirr A Internet Based mobile app for CBEBirr. With the new Internet based CBEBirr Mobile App you can make every operations applicable via the USSD version of CBEBirr. This app version is the latest version branded as CBEBirr Plus, CBEBirr+, CBE Birr +, or CBE Birr plus.",1,2026-05-08,Commercial Bank of Ethiopia,NEGATIVE,0.0112664699554443,Feature Request / General,0,52,False,en,"Internet Based mobile app for CBEBirr A Internet Based mobile app for CBEBirr. With the new Internet based CBEBirr Mobile App you can make every operations applicable via the USSD version of CBEBirr. This app version is the latest version branded as CBEBirr Plus, CBEBirr+, CBE Birr +, or CBE Birr plus."
24,CBE it's my excellent choice,5,2026-05-08,Commercial Bank of Ethiopia,POSITIVE,0.9997592568397522,Feature Request / General,0,5,False,en,CBE it's my excellent choice
25,Good,5,2026-05-08,Commercial Bank of Ethiopia,POSITIVE,0.999816119670868,Feature Request / General,0,1,True,en,Good
26,fast and time saving...,5,2026-05-08,Commercial Bank of Ethiopia,POSITIVE,0.9994866847991944,Feature Request / General,0,4,False,en,fast and time saving...
27,ok,5,2026-05-08,Commercial Bank of Ethiopia,POSITIVE,0.9997851252555848,Feature Request / General,0,1,True,en,ok
28,ok,5,2026-05-07,Commercial Bank of Ethiopia,POSITIVE,0.9997851252555848,Feature Request / General,0,1,True,en,ok
29,yesisgood,5,2026-05-07,Commercial Bank of Ethiopia,POSITIVE,0.9984375834465028,Feature Request / General,0,1,True,en,yesisgood
30,so good,5,2026-05-07,Commercial Bank of Ethiopia,POSITIVE,0.999841570854187,Feature Request / General,0,2,True,en,so good
31,"The app is getting worse and worse after every ""update"". The UI is inconsistent, you haven't fixed the issue with Mpesa wallet transfer ( the ""begin 0, end 1, length 0"" error after ever transfer attempt) ; now the tellbirr transfer raises ""Bucket override O-10094"" error. Test your work FULLY before release.",3,2026-05-07,Commercial Bank of Ethiopia,NEGATIVE,0.0003870129585266,Transaction Performance,0,52,False,en,"The app is getting worse and worse after every ""update"". The UI is inconsistent, you haven't fixed the issue with Mpesa wallet transfer ( the ""begin 0, end 1, length 0"" error after ever transfer attempt) ; now the tellbirr transfer raises ""Bucket override O-10094"" error. Test your work FULLY before release."
32,iam happy excellent app,5,2026-05-07,Commercial Bank of Ethiopia,POSITIVE,0.9998611211776732,Feature Request / General,0,4,False,en,iam happy excellent app
33,is not work properly !!,3,2026-05-06,Commercial Bank of Ethiopia,NEGATIVE,0.0002209544181823,Feature Request / General,0,5,False,en,is not work properly !!
34,this apps make my life easy,5,2026-05-06,Commercial Bank of Ethiopia,POSITIVE,0.998026430606842,UI & Design,0,6,False,en,this apps make my life easy
35,አሪፍ አፕ ነው ገራሚ ሁኖ አግኝቼዋለሁ,5,2026-05-06,Commercial Bank of Ethiopia,POSITIVE,0.836,Feature Request / General,0,6,False,am,"It's a great app, I found it amazing"
36,When I update this app there isn't working,1,2026-05-06,Commercial Bank of Ethiopia,NEGATIVE,0.0004245638847351,Feature Request / General,0,8,False,en,When I update this app there isn't working
37,thanks you so much 👍 okay I am going to be like in,5,2026-05-05,Commercial Bank of Ethiopia,POSITIVE,0.9997941851615906,Feature Request / General,0,13,False,en,thanks you so much 👍 okay I am going to be like in
38,Best ever,1,2026-05-05,Commercial Bank of Ethiopia,POSITIVE,0.999841570854187,Feature Request / General,0,2,True,en,Best ever
39,features በጣም ወድጄዋለሁ ነገር ግን አንድ ችግር አይቼዋለሁ ።APPU DELETE በሆነ ጊዜ ቅርንጫፍ ማመላለሱና MB APPLICATION FORMAT ላይ በየጊዜው መፈረሙ አንድ ለባንኩ ወጪ ነው ሁለት ለደንበኞች Inconvenience ይፈጥራል አስተካክሉ,4,2026-05-05,Commercial Bank of Ethiopia,NEGATIVE,-0.7227,Feature Request / General,0,29,False,am,"I like its features very much, but I see one problem. When APPU DELETE, moving the branch and signing the MB APPLICATION FORMAT regularly, one is an expense for the bank and two is an inconvenience to the customers. Fix it."
40,best,5,2026-05-05,Commercial Bank of Ethiopia,POSITIVE,0.9997941851615906,Feature Request / General,0,1,True,en,best
41,goood g,5,2026-05-05,Commercial Bank of Ethiopia,POSITIVE,0.4404,Feature Request / General,0,2,True,om,good Mr
42,I like so much,5,2026-05-05,Commercial Bank of Ethiopia,POSITIVE,0.9998633861541748,Feature Request / General,0,4,False,en,I like so much
43,This app has never been efficient at all,1,2026-05-04,Commercial Bank of Ethiopia,NEGATIVE,0.0002203583717346,Feature Request / General,0,8,False,en,This app has never been efficient at all
44,nice app.,5,2026-05-04,Commercial Bank of Ethiopia,POSITIVE,0.9998321533203124,Feature Request / General,0,2,True,en,nice app.
45,"While the option to create or cancel standing orders has been added, it is not functional. Similarly, adding a new beneficiary is also not working. Please fix.",2,2026-05-04,Commercial Bank of Ethiopia,NEGATIVE,0.0001984238624572,Feature Request / General,0,27,False,en,"While the option to create or cancel standing orders has been added, it is not functional. Similarly, adding a new beneficiary is also not working. Please fix."
46,Wonderful App ❤️❤️❤️ I love it,5,2026-05-04,Commercial Bank of Ethiopia,POSITIVE,0.9998841285705566,Feature Request / General,0,6,False,en,Wonderful App ❤️❤️❤️ I love it
47,i like it,5,2026-05-04,Commercial Bank of Ethiopia,POSITIVE,0.99985933303833,Feature Request / General,0,3,True,en,i like it
48,best,4,2026-05-04,Commercial Bank of Ethiopia,POSITIVE,0.9997941851615906,Feature Request / General,0,1,True,en,best
49,vary good app,5,2026-05-04,Commercial Bank of Ethiopia,POSITIVE,0.9998146891593932,Feature Request / General,0,3,True,en,vary good app
50,good,5,2026-05-04,Commercial Bank of Ethiopia,POSITIVE,0.999816119670868,Feature Request / General,0,1,True,en,good
51,good,5,2026-05-04,Commercial Bank of Ethiopia,POSITIVE,0.999816119670868,Feature Request / General,0,1,True,en,good
52,good,5,2026-05-04,Commercial Bank of Ethiopia,POSITIVE,0.999816119670868,Feature Request / General,0,1,True,en,good
53,nice,5,2026-05-03,Commercial Bank of Ethiopia,POSITIVE,0.9998552799224854,Feature Request / General,0,1,True,en,nice
54,easy to use but hard to find easily,4,2026-05-03,Commercial Bank of Ethiopia,NEGATIVE,0.0114398598670959,UI & Design,0,8,False,en,easy to use but hard to find easily
55,fixed problem,4,2026-05-03,Commercial Bank of Ethiopia,NEGATIVE,0.0086448788642883,Feature Request / General,0,2,True,en,fixed problem
56,በእውነት የሚገርም app ነው ነገሮችን ሁሉ ቀለል ያደርጋል,5,2026-05-03,Commercial Bank of Ethiopia,POSITIVE,0.7841,Feature Request / General,0,8,False,am,It's a really amazing app that makes everything easier
57,good,5,2026-05-03,Commercial Bank of Ethiopia,POSITIVE,0.999816119670868,Feature Request / General,0,1,True,en,good
58,good,3,2026-05-03,Commercial Bank of Ethiopia,POSITIVE,0.999816119670868,Feature Request / General,0,1,True,en,good
59,best app,5,2026-05-03,Commercial Bank of Ethiopia,POSITIVE,0.999686598777771,Feature Request / General,0,2,True,en,best app
60,Good Application,5,2026-05-02,Commercial Bank of Ethiopia,POSITIVE,0.999854564666748,Feature Request / General,0,2,True,en,Good Application
61,Good app,1,2026-05-02,Commercial Bank of Ethiopia,POSITIVE,0.9998493194580078,Feature Request / General,0,2,True,en,Good app
62,መስተካከል አለብት ብዩ አስታየት የም ሰጠው አካውንንት በስም ሲፈለግ mr ብሎ ቀጣይ ስም ለመፃፍ እስፔስም አይፈቅድ ቀጣዩ ፊደልም ሲፃፍ አይፅፍም ይሄ ቢስተካከል ይበልጥ ቀላል የረገዋል ብዩ አስበለው,4,2026-05-02,Commercial Bank of Ethiopia,NEGATIVE,-0.1695,Feature Request / General,0,27,False,am,"It should be fixed. When searching for the account by name, it does not allow a space to write the next name. It does not write the next letter."
63,why it alaways asked me to update every second when I log in.,1,2026-05-01,Commercial Bank of Ethiopia,NEGATIVE,0.0028035640716552,Feature Request / General,0,13,False,en,why it alaways asked me to update every second when I log in.
64,pls update my cbe mobile banking,5,2026-05-01,Commercial Bank of Ethiopia,NEGATIVE,0.027687132358551,Feature Request / General,0,6,False,en,pls update my cbe mobile banking
65,good,5,2026-05-01,Commercial Bank of Ethiopia,POSITIVE,0.999816119670868,Feature Request / General,0,1,True,en,good
66,"Easy, secure and user friend",5,2026-05-01,Commercial Bank of Ethiopia,POSITIVE,0.9988741278648376,UI & Design,0,5,False,en,"Easy, secure and user friend"
67,nice,5,2026-05-01,Commercial Bank of Ethiopia,POSITIVE,0.9998552799224854,Feature Request / General,0,1,True,en,nice
68,hiote tegayede,5,2026-05-01,Commercial Bank of Ethiopia,POSITIVE,0.8946162462234497,Feature Request / General,0,2,True,en,hiote tegayede
69,misraqe,1,2026-04-30,Commercial Bank of Ethiopia,NEGATIVE,0.0068932175636291,Feature Request / General,0,1,True,en,misraqe
70,excellent app,5,2026-04-30,Commercial Bank of Ethiopia,POSITIVE,0.9998356103897096,Feature Request / General,0,2,True,en,excellent app
71,usefull app,5,2026-04-30,Commercial Bank of Ethiopia,POSITIVE,0.9953721165657043,Feature Request / General,0,2,True,en,usefull app
72,nice bank,4,2026-04-30,Commercial Bank of Ethiopia,POSITIVE,0.999805510044098,Feature Request / General,0,2,True,en,nice bank
73,good 👍,5,2026-04-30,Commercial Bank of Ethiopia,POSITIVE,0.9998576641082764,Feature Request / General,0,2,True,en,good 👍
74,it's no functional problem,5,2026-04-30,Commercial Bank of Ethiopia,NEGATIVE,0.0017545223236083,Feature Request / General,0,4,False,en,it's no functional problem
75,Tamam Yunus Guddata,5,2026-04-30,Commercial Bank of Ethiopia,NEGATIVE,0.0171908736228942,Feature Request / General,0,3,True,en,Tamam Yunus Guddata
76,good,5,2026-04-30,Commercial Bank of Ethiopia,POSITIVE,0.999816119670868,Feature Request / General,0,1,True,en,good
77,It's not working after the update it doesn't open at all,1,2026-04-30,Commercial Bank of Ethiopia,NEGATIVE,0.0002140402793884,Feature Request / General,0,11,False,en,It's not working after the update it doesn't open at all
78,nice,5,2026-04-29,Commercial Bank of Ethiopia,POSITIVE,0.9998552799224854,Feature Request / General,0,1,True,en,nice
79,excellent app,5,2026-04-29,Commercial Bank of Ethiopia,POSITIVE,0.9998356103897096,Feature Request / General,0,2,True,en,excellent app
80,Good,5,2026-04-29,Commercial Bank of Ethiopia,POSITIVE,0.999816119670868,Feature Request / General,0,1,True,en,Good
81,CBE not compare to others,5,2026-04-29,Commercial Bank of Ethiopia,NEGATIVE,0.0831242799758911,Feature Request / General,0,5,False,en,CBE not compare to others
82,good,5,2026-04-29,Commercial Bank of Ethiopia,POSITIVE,0.999816119670868,Feature Request / General,0,1,True,en,good
83,good,3,2026-04-29,Commercial Bank of Ethiopia,POSITIVE,0.999816119670868,Feature Request / General,0,1,True,en,good
84,nice app thanks,5,2026-04-29,Commercial Bank of Ethiopia,POSITIVE,0.9998416900634766,Feature Request / General,0,3,True,en,nice app thanks
85,Great,5,2026-04-29,Commercial Bank of Ethiopia,POSITIVE,0.9998630285263062,Feature Request / General,0,1,True,en,Great
86,good service,5,2026-04-29,Commercial Bank of Ethiopia,POSITIVE,0.9998499155044556,Customer Support,0,2,True,en,good service
87,"It is so good,and easy to use.",5,2026-04-28,Commercial Bank of Ethiopia,POSITIVE,0.9998791217803956,UI & Design,0,7,False,en,"It is so good,and easy to use."
88,great app,5,2026-04-28,Commercial Bank of Ethiopia,POSITIVE,0.999821126461029,Feature Request / General,0,2,True,en,great app
89,update is not downgrade. its literally not working,1,2026-04-28,Commercial Bank of Ethiopia,NEGATIVE,0.0063827037811279,Feature Request / General,0,8,False,en,update is not downgrade. its literally not working
90,Please consider optimizing the app for Huawei Mobile Services (HMS). It doesn't work after the update.,1,2026-04-28,Commercial Bank of Ethiopia,NEGATIVE,0.0003114938735961,Customer Support,0,16,False,en,Please consider optimizing the app for Huawei Mobile Services (HMS). It doesn't work after the update.
91,please use the cute ui as a professional developer,3,2026-04-28,Commercial Bank of Ethiopia,POSITIVE,0.9969793558120728,UI & Design,0,9,False,en,please use the cute ui as a professional developer
92,Daily Of the day Transfer Limit Restriction If there wasn't If it didn't have Very Extremely Happy We would be.,4,2026-04-28,Commercial Bank of Ethiopia,NEGATIVE,0.0050192475318908,Transaction Performance,0,20,False,en,Daily Of the day Transfer Limit Restriction If there wasn't If it didn't have Very Extremely Happy We would be.
93,best,5,2026-04-28,Commercial Bank of Ethiopia,POSITIVE,0.9997941851615906,Feature Request / General,0,1,True,en,best
94,Amazing,5,2026-04-28,Commercial Bank of Ethiopia,POSITIVE,0.999875545501709,Feature Request / General,0,1,True,en,Amazing
95,it's better than before,4,2026-04-28,Commercial Bank of Ethiopia,POSITIVE,0.9998137354850768,Feature Request / General,0,4,False,en,it's better than before
96,worst apk for a big bank,1,2026-04-28,Commercial Bank of Ethiopia,NEGATIVE,0.0002041459083557,Feature Request / General,0,6,False,en,worst apk for a big bank
97,doesn't work properly with safaricom network.,1,2026-04-28,Commercial Bank of Ethiopia,NEGATIVE,0.000234305858612,Feature Request / General,0,6,False,en,doesn't work properly with safaricom network.
98,"The app forcefully made me an update, since then every time I try to make a payment it keeps bugging and failing non stop. please fix that . this is a big company not a start up .",1,2026-04-28,Commercial Bank of Ethiopia,NEGATIVE,0.0004713535308837,Transaction Performance,1,38,False,en,"The app forcefully made me an update, since then every time I try to make a payment it keeps bugging and failing non stop. please fix that . this is a big company not a start up ."
99,good,5,2026-04-28,Commercial Bank of Ethiopia,POSITIVE,0.999816119670868,Feature Request / General,0,1,True,en,good
100,I found that when i am using safaricom network the app keeps crashing a lot and not working and as soon as i change the network it will work smoothly so make is a lot compatible with the safaricom network service.,3,2026-04-28,Commercial Bank of Ethiopia,POSITIVE,0.9555943012237548,Customer Support,0,41,False,en,I found that when i am using safaricom network the app keeps crashing a lot and not working and as soon as i change the network it will work smoothly so make is a lot compatible with the safaricom network service.
101,go ahead,5,2026-04-28,Commercial Bank of Ethiopia,POSITIVE,0.999769389629364,Feature Request / General,0,2,True,en,go ahead
102,nice,5,2026-04-27,Commercial Bank of Ethiopia,POSITIVE,0.9998552799224854,Feature Request / General,0,1,True,en,nice
103,i like it,5,2026-04-27,Commercial Bank of Ethiopia,POSITIVE,0.99985933303833,Feature Request / General,0,3,True,en,i like it
104,ok,5,2026-04-27,Commercial Bank of Ethiopia,POSITIVE,0.9997851252555848,Feature Request / General,0,1,True,en,ok
105,ok,5,2026-04-27,Commercial Bank of Ethiopia,POSITIVE,0.9997851252555848,Feature Request / General,0,1,True,en,ok
106,Good,5,2026-04-27,Commercial Bank of Ethiopia,POSITIVE,0.999816119670868,Feature Request / General,0,1,True,en,Good
107,cbe mobile app best app,5,2026-04-27,Commercial Bank of Ethiopia,POSITIVE,0.998684823513031,Feature Request / General,0,5,False,en,cbe mobile app best app
108,"easy for use,and good privacy",4,2026-04-27,Commercial Bank of Ethiopia,POSITIVE,0.999478042125702,UI & Design,0,5,False,en,"easy for use,and good privacy"
109,amazing,5,2026-04-27,Commercial Bank of Ethiopia,POSITIVE,0.999875545501709,Feature Request / General,0,1,True,en,amazing
110,i really judged this app. 99% were profit exclusive for others only with organization benefit.,1,2026-04-27,Commercial Bank of Ethiopia,NEGATIVE,0.0169221758842468,Feature Request / General,0,15,False,en,i really judged this app. 99% were profit exclusive for others only with organization benefit.
111,unable to use it is not performed well,1,2026-04-27,Commercial Bank of Ethiopia,NEGATIVE,0.0002135634422302,Feature Request / General,0,8,False,en,unable to use it is not performed well
112,ወከቀቀ,5,2026-04-26,Commercial Bank of Ethiopia,NEUTRAL,0.0,Feature Request / General,0,1,True,am,He ruled
113,Nice,5,2026-04-26,Commercial Bank of Ethiopia,POSITIVE,0.9998552799224854,Feature Request / General,0,1,True,en,Nice
114,This app is very good and helpful I am Happy working with cbe mobile banking tanx all members and I am ready invite all my family and friends ❤️,5,2026-04-26,Commercial Bank of Ethiopia,POSITIVE,0.9998387098312378,Customer Support,0,29,False,en,This app is very good and helpful I am Happy working with cbe mobile banking tanx all members and I am ready invite all my family and friends ❤️
115,Samsung A-5360 is not my device and i did not opened by this,5,2026-04-26,Commercial Bank of Ethiopia,NEGATIVE,0.0014681816101074,Feature Request / General,0,13,False,en,Samsung A-5360 is not my device and i did not opened by this
116,notwork totransferto other,1,2026-04-26,Commercial Bank of Ethiopia,NEGATIVE,0.0039774179458618,Transaction Performance,1,3,True,en,notwork totransferto other
117,good,5,2026-04-26,Commercial Bank of Ethiopia,POSITIVE,0.999816119670868,Feature Request / General,0,1,True,en,good
118,የCommercial Bank of Ethiopia ሞባይል ባንኪንግ አገልግሎት በአጠቃላይ ጠቃሚ ነው፣ ግን አንድ ችግር አጋጥሞኛል። የሂሳብ ቁጥር በምናስገባበት ሳጥን ላይ “Mr” ወይም “Mrs” ከሚለው ቀጥሎ ያለውን ስም ለማስገባት ስፔስ (space) መጠቀም አይቻልም። ይህ ተጠቃሚዎችን ስም ትክክለኛ ለማስገባት እንዲቸገሩ ያደርጋል። እባክዎ በዚህ ክፍል ስፔስ መጠቀም እንዲቻል ወይም የስም መሙያ ስርዓቱን እንዲሻሻል ቢያደርጉ በጣም ጥሩ ይሆናል።,4,2026-04-26,Commercial Bank of Ethiopia,POSITIVE,0.34,Feature Request / General,0,53,False,am,"Commercial Bank of Ethiopia's mobile banking service is generally useful, but I encountered one problem. A space cannot be used to enter the name next to ""Mr"" or ""Mrs"" in the box where we enter the account number. This makes it difficult for users to enter names correctly. Please make it possible to use spaces in this section or improve the name filling system."
119,🫶👍🙏,5,2026-04-26,Commercial Bank of Ethiopia,NEGATIVE,0.3029435276985168,Feature Request / General,0,1,True,en,🫶👍🙏
120,ok,5,2026-04-26,Commercial Bank of Ethiopia,POSITIVE,0.9997851252555848,Feature Request / General,0,1,True,en,ok
121,good,5,2026-04-25,Commercial Bank of Ethiopia,POSITIVE,0.999816119670868,Feature Request / General,0,1,True,en,good
122,I am very comfortable because we can easily access various transfer services that we used to have to go to the bank.,5,2026-04-25,Commercial Bank of Ethiopia,POSITIVE,0.9990236759185792,Account Access,0,22,False,en,I am very comfortable because we can easily access various transfer services that we used to have to go to the bank.
123,ok,5,2026-04-25,Commercial Bank of Ethiopia,POSITIVE,0.9997851252555848,Feature Request / General,0,1,True,en,ok
124,good app,5,2026-04-25,Commercial Bank of Ethiopia,POSITIVE,0.9998493194580078,Feature Request / General,0,2,True,en,good app
125,i am so happy,5,2026-04-25,Commercial Bank of Ethiopia,POSITIVE,0.9998812675476074,Feature Request / General,0,4,False,en,i am so happy
126,good,5,2026-04-25,Commercial Bank of Ethiopia,POSITIVE,0.999816119670868,Feature Request / General,0,1,True,en,good
127,The recent update is trash. I couldn't refresh the page. It's not even trying to sync. Please fix the bug and release a clean version.,1,2026-04-25,Commercial Bank of Ethiopia,NEGATIVE,0.0003870129585266,UI & Design,0,25,False,en,The recent update is trash. I couldn't refresh the page. It's not even trying to sync. Please fix the bug and release a clean version.
128,good job,5,2026-04-25,Commercial Bank of Ethiopia,POSITIVE,0.999835729598999,Feature Request / General,0,2,True,en,good job
129,I'm from Ethiopia and proud of CBE service app.,5,2026-04-25,Commercial Bank of Ethiopia,POSITIVE,0.9996950626373292,Customer Support,0,9,False,en,I'm from Ethiopia and proud of CBE service app.
130,I am successful with app,5,2026-04-25,Commercial Bank of Ethiopia,POSITIVE,0.9998397827148438,Feature Request / General,0,5,False,en,I am successful with app
131,everything is boaring the previous one is good,1,2026-04-25,Commercial Bank of Ethiopia,POSITIVE,0.999785840511322,Feature Request / General,0,8,False,en,everything is boaring the previous one is good
132,best,5,2026-04-25,Commercial Bank of Ethiopia,POSITIVE,0.9997941851615906,Feature Request / General,0,1,True,en,best
133,good,5,2026-04-24,Commercial Bank of Ethiopia,POSITIVE,0.999816119670868,Feature Request / General,0,1,True,en,good
134,good app but it needs more languages do it with more than four languages,5,2026-04-24,Commercial Bank of Ethiopia,NEGATIVE,0.0264269709587097,Feature Request / General,0,14,False,en,good app but it needs more languages do it with more than four languages
135,good work,5,2026-04-24,Commercial Bank of Ethiopia,POSITIVE,0.999841332435608,Feature Request / General,0,2,True,en,good work
136,ok,5,2026-04-24,Commercial Bank of Ethiopia,POSITIVE,0.9997851252555848,Feature Request / General,0,1,True,en,ok
137,wow app.The developers make improvements every time.,5,2026-04-24,Commercial Bank of Ethiopia,POSITIVE,0.999669313430786,Feature Request / General,0,7,False,en,wow app.The developers make improvements every time.
138,nice and perfect,5,2026-04-24,Commercial Bank of Ethiopia,POSITIVE,0.9998654127120972,Feature Request / General,0,3,True,en,nice and perfect
139,best experience,5,2026-04-24,Commercial Bank of Ethiopia,POSITIVE,0.9996858835220336,Feature Request / General,0,2,True,en,best experience
140,the best,5,2026-04-24,Commercial Bank of Ethiopia,POSITIVE,0.9998332262039183,Feature Request / General,0,2,True,en,the best
141,What's wrong after i update the app unable to open,1,2026-04-24,Commercial Bank of Ethiopia,NEGATIVE,0.0002111792564392,Feature Request / General,0,10,False,en,What's wrong after i update the app unable to open
142,nice,5,2026-04-24,Commercial Bank of Ethiopia,POSITIVE,0.9998552799224854,Feature Request / General,0,1,True,en,nice
143,👍👍it is good. pls Hide the amount that appear on the top when we need to transfer🙏,1,2026-04-24,Commercial Bank of Ethiopia,POSITIVE,0.99936443567276,Transaction Performance,1,17,False,en,👍👍it is good. pls Hide the amount that appear on the top when we need to transfer🙏
144,not sure at the moment,3,2026-04-24,Commercial Bank of Ethiopia,NEGATIVE,0.0003556013107299,Feature Request / General,0,5,False,en,not sure at the moment
145,Good,5,2026-04-24,Commercial Bank of Ethiopia,POSITIVE,0.999816119670868,Feature Request / General,0,1,True,en,Good
146,it's the best app i have every seen it is fast and securty,5,2026-04-24,Commercial Bank of Ethiopia,POSITIVE,0.99800306558609,Feature Request / General,0,13,False,en,it's the best app i have every seen it is fast and securty
147,Useful apps,5,2026-04-24,Commercial Bank of Ethiopia,POSITIVE,0.9994015693664552,Feature Request / General,0,2,True,en,Useful apps
148,easy to use,5,2026-04-24,Commercial Bank of Ethiopia,POSITIVE,0.9988542795181274,UI & Design,0,3,True,en,easy to use
149,waw,4,2026-04-24,Commercial Bank of Ethiopia,NEGATIVE,0.2653828263282776,Feature Request / General,0,1,True,en,waw
150,"This app used to work well, but now it constantly shows an error saying it can’t load my accounts and tells me to visit a branch. I’m not even in the country, so that’s not possible. The app has frequent issues and needs better reliability and remote support options.",2,2026-04-24,Commercial Bank of Ethiopia,NEGATIVE,0.0009049177169799,Account Access,1,49,False,en,"This app used to work well, but now it constantly shows an error saying it can’t load my accounts and tells me to visit a branch. I’m not even in the country, so that’s not possible. The app has frequent issues and needs better reliability and remote support options."
151,Very good,5,2026-04-23,Commercial Bank of Ethiopia,POSITIVE,0.9998520612716676,Feature Request / General,0,2,True,en,Very good
152,አዲሱ ገጽታው በጣም ያስጠላል። ለአይን ይከብዳል። ወደነበረበት ብትመልሱት።,1,2026-04-23,Commercial Bank of Ethiopia,NEGATIVE,-0.3818,UI & Design,0,8,False,am,His new look is disgusting. It's hard on the eyes. If you restore it.
153,I like it but sometimes there is a system error,4,2026-04-23,Commercial Bank of Ethiopia,NEGATIVE,0.0009433627128601,Feature Request / General,0,10,False,en,I like it but sometimes there is a system error
154,good,5,2026-04-23,Commercial Bank of Ethiopia,POSITIVE,0.999816119670868,Feature Request / General,0,1,True,en,good
155,"the app keeps asking for update, even after being updated",3,2026-04-23,Commercial Bank of Ethiopia,NEGATIVE,0.0087077021598815,Feature Request / General,0,10,False,en,"the app keeps asking for update, even after being updated"
156,"This application was not that great, and its performance has unfortunately declined further. For the past week, I have been unable to access my balance or transfer funds. This situation is causing considerable concern and inconvenience, as I cannot access my money in a timely manner. This has resulted in late payments and a loss of confidence and trust. Furthermore, I have not received a response to my message to the customer support team",1,2026-04-23,Commercial Bank of Ethiopia,NEGATIVE,0.0002259612083435,Account Access,1,74,False,en,"This application was not that great, and its performance has unfortunately declined further. For the past week, I have been unable to access my balance or transfer funds. This situation is causing considerable concern and inconvenience, as I cannot access my money in a timely manner. This has resulted in late payments and a loss of confidence and trust. Furthermore, I have not received a response to my message to the customer support team"
157,good,5,2026-04-23,Commercial Bank of Ethiopia,POSITIVE,0.999816119670868,Feature Request / General,0,1,True,en,good
158,like,5,2026-04-23,Commercial Bank of Ethiopia,POSITIVE,0.9910564422607422,Feature Request / General,0,1,True,en,like
159,Good !,3,2026-04-23,Commercial Bank of Ethiopia,POSITIVE,0.9998268485069276,Feature Request / General,0,2,True,en,Good !
160,good,5,2026-04-23,Commercial Bank of Ethiopia,POSITIVE,0.999816119670868,Feature Request / General,0,1,True,en,good
161,good,5,2026-04-23,Commercial Bank of Ethiopia,POSITIVE,0.999816119670868,Feature Request / General,0,1,True,en,good
162,very good cbe app,5,2026-04-23,Commercial Bank of Ethiopia,POSITIVE,0.9998026490211488,Feature Request / General,0,4,False,en,very good cbe app
163,tel birr,5,2026-04-23,Commercial Bank of Ethiopia,NEGATIVE,0.0519656538963317,Feature Request / General,0,2,True,en,tel birr
164,halaba kuleto,5,2026-04-23,Commercial Bank of Ethiopia,NEGATIVE,0.3157579302787781,Feature Request / General,0,2,True,en,halaba kuleto
165,best app ever,5,2026-04-23,Commercial Bank of Ethiopia,POSITIVE,0.9997491240501404,Feature Request / General,0,3,True,en,best app ever
166,it's good app for ease of access mobile banking transaction and use our time properly!,5,2026-04-22,Commercial Bank of Ethiopia,POSITIVE,0.999681830406189,Account Access,0,15,False,en,it's good app for ease of access mobile banking transaction and use our time properly!
167,"pls make an option fingerprint Biometric payment only, it's fast and secure to pay",4,2026-04-22,Commercial Bank of Ethiopia,POSITIVE,0.9271581768989564,Transaction Performance,0,14,False,en,"pls make an option fingerprint Biometric payment only, it's fast and secure to pay"
168,በጣም ቀላልና ፈጣን ለመጠቀም ወድጀዋለሁ,5,2026-04-22,Commercial Bank of Ethiopia,POSITIVE,0.6901,Feature Request / General,0,5,False,am,I like it very easy and fast to use
169,I love this up to much eollahi,5,2026-04-22,Commercial Bank of Ethiopia,POSITIVE,0.9998741149902344,Feature Request / General,0,7,False,en,I love this up to much eollahi
170,I hope this bank have excellent Mobile app but still not easy and not working in holidays why,4,2026-04-22,Commercial Bank of Ethiopia,NEGATIVE,0.0057387351989746,UI & Design,0,18,False,en,I hope this bank have excellent Mobile app but still not easy and not working in holidays why
171,best,5,2026-04-22,Commercial Bank of Ethiopia,POSITIVE,0.9997941851615906,Feature Request / General,0,1,True,en,best
172,"It's a great, easy-to-use, very convenient and secure app.",5,2026-04-22,Commercial Bank of Ethiopia,POSITIVE,0.99966561794281,UI & Design,0,9,False,en,"It's a great, easy-to-use, very convenient and secure app."
173,Good Job,5,2026-04-22,Commercial Bank of Ethiopia,POSITIVE,0.999835729598999,Feature Request / General,0,2,True,en,Good Job
174,best,5,2026-04-22,Commercial Bank of Ethiopia,POSITIVE,0.9997941851615906,Feature Request / General,0,1,True,en,best
175,Best app.,5,2026-04-22,Commercial Bank of Ethiopia,POSITIVE,0.999774158000946,Feature Request / General,0,2,True,en,Best app.
176,it's so use full and secure 👍💪👌,5,2026-04-22,Commercial Bank of Ethiopia,NEUTRAL,0.4818082451820373,Feature Request / General,0,7,False,en,it's so use full and secure 👍💪👌
177,"there should be atm voucher access included , and also the app crash sometimes .",1,2026-04-22,Commercial Bank of Ethiopia,NEGATIVE,0.0010748505592346,Account Access,1,15,False,en,"there should be atm voucher access included , and also the app crash sometimes ."
178,ok,1,2026-04-22,Commercial Bank of Ethiopia,POSITIVE,0.9997851252555848,Feature Request / General,0,1,True,en,ok
179,"The app has some issues we need to have a place where we save our contacts where we usually send money to, after update I keep loosing all the important accounts.Also user needs to configure their notification types we want to receive either by email ,SMS or both. right now I don't get any notifications when I receive funds from companies.",1,2026-04-22,Commercial Bank of Ethiopia,NEGATIVE,0.001006543636322,Account Access,1,61,False,en,"The app has some issues we need to have a place where we save our contacts where we usually send money to, after update I keep loosing all the important accounts.Also user needs to configure their notification types we want to receive either by email ,SMS or both. right now I don't get any notifications when I receive funds from companies."
180,after the the recent update the app not responding. even transfer to telebirr isn't working.,1,2026-04-22,Commercial Bank of Ethiopia,NEGATIVE,0.0002948641777038,Transaction Performance,1,15,False,en,after the the recent update the app not responding. even transfer to telebirr isn't working.
181,Need more additional future include for now it's not bad,1,2026-04-22,Commercial Bank of Ethiopia,POSITIVE,0.994413435459137,Feature Request / General,0,10,False,en,Need more additional future include for now it's not bad
182,I don't like. I can't make transfer to my own telebirr,1,2026-04-22,Commercial Bank of Ethiopia,NEGATIVE,0.0015877485275268,Transaction Performance,1,11,False,en,I don't like. I can't make transfer to my own telebirr
183,lag and stack not quick response 😞😞,2,2026-04-22,Commercial Bank of Ethiopia,NEGATIVE,0.0014176368713378,UI & Design,0,7,False,en,lag and stack not quick response 😞😞
184,it good. to get services,5,2026-04-22,Commercial Bank of Ethiopia,POSITIVE,0.9998569488525392,Customer Support,0,5,False,en,it good. to get services
185,good,5,2026-04-22,Commercial Bank of Ethiopia,POSITIVE,0.999816119670868,Feature Request / General,0,1,True,en,good
186,Number One App,5,2026-04-22,Commercial Bank of Ethiopia,POSITIVE,0.9983179569244384,Feature Request / General,0,3,True,en,Number One App
187,is good,5,2026-04-22,Commercial Bank of Ethiopia,POSITIVE,0.9998394250869752,Feature Request / General,0,2,True,en,is good
188,ok,5,2026-04-22,Commercial Bank of Ethiopia,POSITIVE,0.9997851252555848,Feature Request / General,0,1,True,en,ok
189,this secure app of all Ethiopia mobile banking ever.,5,2026-04-22,Commercial Bank of Ethiopia,POSITIVE,0.9989427924156188,Feature Request / General,0,9,False,en,this secure app of all Ethiopia mobile banking ever.
190,perfect app,5,2026-04-22,Commercial Bank of Ethiopia,POSITIVE,0.9998340606689452,Feature Request / General,0,2,True,en,perfect app
191,owww cbe,5,2026-04-22,Commercial Bank of Ethiopia,POSITIVE,0.9705929756164552,Feature Request / General,0,2,True,en,owww cbe
192,"Very secured, fast and favourable",5,2026-04-22,Commercial Bank of Ethiopia,POSITIVE,0.999854326248169,Feature Request / General,0,5,False,en,"Very secured, fast and favourable"
193,best,5,2026-04-22,Commercial Bank of Ethiopia,POSITIVE,0.9997941851615906,Feature Request / General,0,1,True,en,best
194,very nice 👌,5,2026-04-21,Commercial Bank of Ethiopia,POSITIVE,0.999857783317566,Feature Request / General,0,3,True,en,very nice 👌
195,اليش يتعخر معرف والله,5,2026-04-21,Commercial Bank of Ethiopia,POSITIVE,0.6113,Feature Request / General,0,4,False,om,"Why is he so proud, I know?"
196,good application 💯💯💯.,5,2026-04-21,Commercial Bank of Ethiopia,POSITIVE,0.9998037219047546,Feature Request / General,0,3,True,en,good application 💯💯💯.
197,best,5,2026-04-21,Commercial Bank of Ethiopia,POSITIVE,0.9997941851615906,Feature Request / General,0,1,True,en,best
198,ok,5,2026-04-21,Commercial Bank of Ethiopia,POSITIVE,0.9997851252555848,Feature Request / General,0,1,True,en,ok
199,good app,5,2026-04-21,Commercial Bank of Ethiopia,POSITIVE,0.9998493194580078,Feature Request / General,0,2,True,en,good app
200,good,4,2026-04-21,Commercial Bank of Ethiopia,POSITIVE,0.999816119670868,Feature Request / General,0,1,True,en,good
201,Nice App,5,2026-04-21,Commercial Bank of Ethiopia,POSITIVE,0.9998061060905457,Feature Request / General,0,2,True,en,Nice App
202,it cost us a lot just by transfer and in other way not fair,1,2026-04-21,Commercial Bank of Ethiopia,NEGATIVE,0.0006700754165649,Transaction Performance,1,14,False,en,it cost us a lot just by transfer and in other way not fair
203,Great app,5,2026-04-21,Commercial Bank of Ethiopia,POSITIVE,0.999821126461029,Feature Request / General,0,2,True,en,Great app
204,Interesting app,5,2026-04-21,Commercial Bank of Ethiopia,POSITIVE,0.9996960163116456,Feature Request / General,0,2,True,en,Interesting app
205,ok,5,2026-04-21,Commercial Bank of Ethiopia,POSITIVE,0.9997851252555848,Feature Request / General,0,1,True,en,ok
206,"i didn't get feed back through message ,Why so?",5,2026-04-21,Commercial Bank of Ethiopia,NEGATIVE,0.0011159777641296,Feature Request / General,0,9,False,en,"i didn't get feed back through message ,Why so?"
207,good and fast,5,2026-04-21,Commercial Bank of Ethiopia,POSITIVE,0.9998561143875122,Feature Request / General,0,3,True,en,good and fast
208,"v, good",5,2026-04-21,Commercial Bank of Ethiopia,POSITIVE,0.9998000264167786,Feature Request / General,0,2,True,en,"v, good"
209,very bad experience as its very slow,1,2026-04-20,Commercial Bank of Ethiopia,NEGATIVE,0.0001968741416931,Transaction Performance,1,7,False,en,very bad experience as its very slow
210,i luv it,5,2026-04-20,Commercial Bank of Ethiopia,POSITIVE,0.9778853058815002,Feature Request / General,0,3,True,en,i luv it
211,Good&fast,5,2026-04-20,Commercial Bank of Ethiopia,POSITIVE,0.9998668432235718,Feature Request / General,0,1,True,en,Good&fast
212,good,5,2026-04-20,Commercial Bank of Ethiopia,POSITIVE,0.999816119670868,Feature Request / General,0,1,True,en,good
213,good,5,2026-04-19,Commercial Bank of Ethiopia,POSITIVE,0.999816119670868,Feature Request / General,0,1,True,en,good
214,የጣት አሻራ አገልግሎት አላገኘሁም። አጠቃቀሙ ጠፍቶኝ ይሆን?,4,2026-04-19,Commercial Bank of Ethiopia,NEGATIVE,-0.296,Feature Request / General,0,7,False,am,I didn't get fingerprint service. Am I missing the usage?
215,good,4,2026-04-19,Commercial Bank of Ethiopia,POSITIVE,0.999816119670868,Feature Request / General,0,1,True,en,good
216,Rtgs limit very small,3,2026-04-19,Commercial Bank of Ethiopia,NEGATIVE,0.0395640730857849,Feature Request / General,0,4,False,en,Rtgs limit very small
217,"Trasaction history not sorted in time basis, besides the hilight transaction and its details which is found by clicking the highht transaction are diffrent. Generally, the tansaction history page has a critical problem",3,2026-04-19,Commercial Bank of Ethiopia,NEGATIVE,0.0003731250762939,Transaction Performance,0,33,False,en,"Trasaction history not sorted in time basis, besides the hilight transaction and its details which is found by clicking the highht transaction are diffrent. Generally, the tansaction history page has a critical problem"
218,good job,5,2026-04-19,Commercial Bank of Ethiopia,POSITIVE,0.999835729598999,Feature Request / General,0,2,True,en,good job
219,best bank for Android application form market place and key number,5,2026-04-19,Commercial Bank of Ethiopia,POSITIVE,0.967107892036438,Feature Request / General,0,11,False,en,best bank for Android application form market place and key number
220,i like cbe service,5,2026-04-19,Commercial Bank of Ethiopia,POSITIVE,0.9947469830513,Customer Support,0,4,False,en,i like cbe service
221,አሪፍ ነው,4,2026-04-18,Commercial Bank of Ethiopia,POSITIVE,0.3182,Feature Request / General,0,2,True,am,It's cool
222,it is the best application in the Ethiopia I like it this,5,2026-04-18,Commercial Bank of Ethiopia,POSITIVE,0.9998393058776855,Feature Request / General,0,12,False,en,it is the best application in the Ethiopia I like it this
223,super spp,5,2026-04-18,Commercial Bank of Ethiopia,NEUTRAL,0.5455143451690674,Feature Request / General,0,2,True,en,super spp
224,I have 1 year and thank you for yo ur genuine service,5,2026-04-18,Commercial Bank of Ethiopia,POSITIVE,0.9996104836463928,UI & Design,0,12,False,en,I have 1 year and thank you for yo ur genuine service
225,ካየህዋቸው ተመሳሳይ መተግበርያዎች በጣም ጥሩ መተግበርያ ነው,4,2026-04-18,Commercial Bank of Ethiopia,POSITIVE,0.6369,Feature Request / General,0,7,False,am,It's the best app you've ever seen
226,excellent,5,2026-04-18,Commercial Bank of Ethiopia,POSITIVE,0.9998434782028198,Feature Request / General,0,1,True,en,excellent
227,Excellent,5,2026-04-18,Commercial Bank of Ethiopia,POSITIVE,0.9998434782028198,Feature Request / General,0,1,True,en,Excellent
228,"im having a terrible experience with this app, im getting 'unable to connect' error, this happened for a while now and they didnt fix it, it is so unreliable in times i need it that i have to resort to using ussd code instead of it. please fix this issue",1,2026-04-17,Commercial Bank of Ethiopia,NEGATIVE,0.0002849698066711,Account Access,1,50,False,en,"im having a terrible experience with this app, im getting 'unable to connect' error, this happened for a while now and they didnt fix it, it is so unreliable in times i need it that i have to resort to using ussd code instead of it. please fix this issue"
229,Absolute garbage,1,2026-04-17,Commercial Bank of Ethiopia,NEGATIVE,0.0002071261405944,Feature Request / General,0,2,True,en,Absolute garbage
230,CBE does not offer anything international.,3,2026-04-17,Commercial Bank of Ethiopia,NEGATIVE,0.0005841255187988,Feature Request / General,0,6,False,en,CBE does not offer anything international.
231,korsa,5,2026-04-17,Commercial Bank of Ethiopia,NEUTRAL,0.0,Feature Request / General,0,1,True,om,cross
232,its good,5,2026-04-17,Commercial Bank of Ethiopia,POSITIVE,0.9998385906219482,Feature Request / General,0,2,True,en,its good
233,very nice app,5,2026-04-16,Commercial Bank of Ethiopia,POSITIVE,0.9998562335968018,Feature Request / General,0,3,True,en,very nice app
234,nice app,5,2026-04-16,Commercial Bank of Ethiopia,POSITIVE,0.9998061060905457,Feature Request / General,0,2,True,en,nice app
235,ok,5,2026-04-16,Commercial Bank of Ethiopia,POSITIVE,0.9997851252555848,Feature Request / General,0,1,True,en,ok
236,nice app,5,2026-04-16,Commercial Bank of Ethiopia,POSITIVE,0.9998061060905457,Feature Request / General,0,2,True,en,nice app
237,it looks fantasy,5,2026-04-16,Commercial Bank of Ethiopia,POSITIVE,0.9888854026794434,UI & Design,0,3,True,en,it looks fantasy
238,it's best app to use recently and upgraded day to day for internationalization,5,2026-04-16,Commercial Bank of Ethiopia,POSITIVE,0.99834942817688,Feature Request / General,0,13,False,en,it's best app to use recently and upgraded day to day for internationalization
239,it is more convenient app,5,2026-04-16,Commercial Bank of Ethiopia,NEGATIVE,0.1319703459739685,Feature Request / General,0,5,False,en,it is more convenient app
240,gooooodddd.....,5,2026-04-15,Commercial Bank of Ethiopia,NEGATIVE,0.0119948983192443,Feature Request / General,0,1,True,en,gooooodddd.....
241,This is app is not fast and not working well in all android phone. eg it is not functioning well using one plus phone.,1,2026-04-15,Commercial Bank of Ethiopia,NEGATIVE,0.0002138018608093,Feature Request / General,0,24,False,en,This is app is not fast and not working well in all android phone. eg it is not functioning well using one plus phone.
242,Factory reset made me to lose my pin to login to my account!,5,2026-04-15,Commercial Bank of Ethiopia,NEGATIVE,0.000243604183197,Account Access,0,13,False,en,Factory reset made me to lose my pin to login to my account!
243,keeps on saying bucket override when I try to pay henon school fee,2,2026-04-15,Commercial Bank of Ethiopia,NEGATIVE,0.003412127494812,Feature Request / General,0,13,False,en,keeps on saying bucket override when I try to pay henon school fee
244,"life longe bank CBE , Save & change your life.",5,2026-04-15,Commercial Bank of Ethiopia,POSITIVE,0.9976091384887696,Feature Request / General,0,10,False,en,"life longe bank CBE , Save & change your life."
245,ok,5,2026-04-15,Commercial Bank of Ethiopia,POSITIVE,0.9997851252555848,Feature Request / General,0,1,True,en,ok
246,good,5,2026-04-15,Commercial Bank of Ethiopia,POSITIVE,0.999816119670868,Feature Request / General,0,1,True,en,good
247,does not working well,5,2026-04-15,Commercial Bank of Ethiopia,NEGATIVE,0.0002252459526062,Feature Request / General,0,4,False,en,does not working well
248,it's v good app sometimes there is a problem on other bank transfers,4,2026-04-15,Commercial Bank of Ethiopia,NEGATIVE,0.0076754093170166,Transaction Performance,0,13,False,en,it's v good app sometimes there is a problem on other bank transfers
249,pls speedup for quick uses,5,2026-04-14,Commercial Bank of Ethiopia,NEGATIVE,0.3932338953018188,Transaction Performance,0,5,False,en,pls speedup for quick uses
250,"before, it was nice. now it does not work and crash automatically",2,2026-04-14,Commercial Bank of Ethiopia,NEGATIVE,0.0009421706199645,Customer Support,0,12,False,en,"before, it was nice. now it does not work and crash automatically"
251,Pls facilitate transfer to telebirr agent,3,2026-04-14,Commercial Bank of Ethiopia,NEGATIVE,0.0547633171081543,Transaction Performance,0,6,False,en,Pls facilitate transfer to telebirr agent
252,sestemaa siresun osoo manaa banki hindemne namnii barbade national id isa fayadamee osoo banachun danda'ame bayye nammati tola live event qabate,3,2026-04-13,Commercial Bank of Ethiopia,POSITIVE,0.4754,Feature Request / General,0,21,False,om,sestemaa siresun before going home to the bank if anyone wanted to use his national id to open it very nice live event held
253,I customer for commercial bank of Ethiopia I trade,5,2026-04-13,Commercial Bank of Ethiopia,NEGATIVE,0.0627376437187194,Customer Support,0,9,False,en,I customer for commercial bank of Ethiopia I trade
254,it's has an issue,1,2026-04-13,Commercial Bank of Ethiopia,POSITIVE,0.9217190146446228,Feature Request / General,0,4,False,en,it's has an issue
255,good,5,2026-04-13,Commercial Bank of Ethiopia,POSITIVE,0.999816119670868,Feature Request / General,0,1,True,en,good
256,nice,5,2026-04-13,Commercial Bank of Ethiopia,POSITIVE,0.9998552799224854,Feature Request / General,0,1,True,en,nice
257,accessibility need to be taken seriously. There are people excluded because of inaccessible apps.,3,2026-04-13,Commercial Bank of Ethiopia,NEGATIVE,0.0496082305908203,Account Access,0,14,False,en,accessibility need to be taken seriously. There are people excluded because of inaccessible apps.
258,"This application was not that great, and its performance has unfortunately declined further. For the past week, I have been unable to access my balance or transfer funds. This situation is causing considerable concern and inconvenience, as I cannot access my money in a timely manner. This has resulted in late payments and a loss of confidence and trust. Furthermore, I have not received a response to my message to the customer support team.",1,2026-04-12,Commercial Bank of Ethiopia,NEGATIVE,0.0002257227897644,Account Access,1,74,False,en,"This application was not that great, and its performance has unfortunately declined further. For the past week, I have been unable to access my balance or transfer funds. This situation is causing considerable concern and inconvenience, as I cannot access my money in a timely manner. This has resulted in late payments and a loss of confidence and trust. Furthermore, I have not received a response to my message to the customer support team."
259,🤙,5,2026-04-12,Commercial Bank of Ethiopia,NEGATIVE,0.3029435276985168,Feature Request / General,0,1,True,en,🤙
260,I can't download this app please assist how it can be downloaded,1,2026-04-12,Commercial Bank of Ethiopia,NEGATIVE,0.0063830614089965,Feature Request / General,0,12,False,en,I can't download this app please assist how it can be downloaded
261,"my favorite so far, but, how come we are not able to download the app and fix our problem ourselves? it is not fair to go to the bank and fix it for you? please think about it. Thank you",5,2026-04-11,Commercial Bank of Ethiopia,POSITIVE,0.8537574410438538,Feature Request / General,0,40,False,en,"my favorite so far, but, how come we are not able to download the app and fix our problem ourselves? it is not fair to go to the bank and fix it for you? please think about it. Thank you"
262,lulit tukka giro,5,2026-04-11,Commercial Bank of Ethiopia,POSITIVE,0.8195429444313049,Feature Request / General,0,3,True,en,lulit tukka giro
263,Enough good even it hasn't transferring for other telebirr users,5,2026-04-11,Commercial Bank of Ethiopia,POSITIVE,0.9993717074394226,Transaction Performance,0,10,False,en,Enough good even it hasn't transferring for other telebirr users
264,not good not bad.,3,2026-04-11,Commercial Bank of Ethiopia,POSITIVE,0.9955520033836364,Feature Request / General,0,4,False,en,not good not bad.
265,easy fast helpful for our business,5,2026-04-11,Commercial Bank of Ethiopia,POSITIVE,0.9969444870948792,UI & Design,0,6,False,en,easy fast helpful for our business
266,good,5,2026-04-11,Commercial Bank of Ethiopia,POSITIVE,0.999816119670868,Feature Request / General,0,1,True,en,good
267,good,5,2026-04-11,Commercial Bank of Ethiopia,POSITIVE,0.999816119670868,Feature Request / General,0,1,True,en,good
268,bad strresing,1,2026-04-11,Commercial Bank of Ethiopia,NEGATIVE,0.0002027153968811,Feature Request / General,0,2,True,en,bad strresing
269,cool,5,2026-04-11,Commercial Bank of Ethiopia,POSITIVE,0.9998509883880616,Feature Request / General,0,1,True,en,cool
270,100%100 Fast and Amazing app !! 🏆🏆🏆🏆🏆🏆🏆🏆 💞🌷🇪🇹,5,2026-04-10,Commercial Bank of Ethiopia,POSITIVE,0.9997475743293762,Feature Request / General,0,8,False,en,100%100 Fast and Amazing app !! 🏆🏆🏆🏆🏆🏆🏆🏆 💞🌷🇪🇹
271,Not that happy at this app,3,2026-04-10,Commercial Bank of Ethiopia,NEGATIVE,0.000243604183197,Feature Request / General,0,6,False,en,Not that happy at this app
272,Best,5,2026-04-10,Commercial Bank of Ethiopia,POSITIVE,0.9997941851615906,Feature Request / General,0,1,True,en,Best
273,crush alot,1,2026-04-10,Commercial Bank of Ethiopia,NEGATIVE,0.0004426836967468,Feature Request / General,0,2,True,en,crush alot
274,itii fayadamaa namaa fayadaa kuniin,5,2026-04-10,Commercial Bank of Ethiopia,POSITIVE,0.6705,Feature Request / General,0,5,False,om,itii useful human benefits this
275,good app,5,2026-04-09,Commercial Bank of Ethiopia,POSITIVE,0.9998493194580078,Feature Request / General,0,2,True,en,good app
276,good,5,2026-04-09,Commercial Bank of Ethiopia,POSITIVE,0.999816119670868,Feature Request / General,0,1,True,en,good
277,Musxafaa,5,2026-04-09,Commercial Bank of Ethiopia,NEGATIVE,0.0047577619552612,Feature Request / General,0,1,True,en,Musxafaa
278,good,5,2026-04-09,Commercial Bank of Ethiopia,POSITIVE,0.999816119670868,Feature Request / General,0,1,True,en,good
279,well expriences,5,2026-04-09,Commercial Bank of Ethiopia,POSITIVE,0.9049552083015442,Feature Request / General,0,2,True,en,well expriences
280,good,5,2026-04-09,Commercial Bank of Ethiopia,POSITIVE,0.999816119670868,Feature Request / General,0,1,True,en,good
281,great 👍,5,2026-04-09,Commercial Bank of Ethiopia,POSITIVE,0.9997692704200744,Feature Request / General,0,2,True,en,great 👍
282,I had good time with CBE,5,2026-04-09,Commercial Bank of Ethiopia,POSITIVE,0.9998478889465332,Feature Request / General,0,6,False,en,I had good time with CBE
283,crashes every time you need to update this app ASAP.. i will be changing bank if tjis continues,1,2026-04-09,Commercial Bank of Ethiopia,NEGATIVE,0.0007267594337463,Feature Request / General,0,18,False,en,crashes every time you need to update this app ASAP.. i will be changing bank if tjis continues
284,Good,5,2026-04-09,Commercial Bank of Ethiopia,POSITIVE,0.999816119670868,Feature Request / General,0,1,True,en,Good
285,easy and fast,5,2026-04-08,Commercial Bank of Ethiopia,POSITIVE,0.9995583891868592,UI & Design,0,3,True,en,easy and fast
286,very nice,5,2026-04-08,Commercial Bank of Ethiopia,POSITIVE,0.9998563528060912,Feature Request / General,0,2,True,en,very nice
287,its good,5,2026-04-08,Commercial Bank of Ethiopia,POSITIVE,0.9998385906219482,Feature Request / General,0,2,True,en,its good
288,this app is very good,5,2026-04-08,Commercial Bank of Ethiopia,POSITIVE,0.9998623132705688,Feature Request / General,0,5,False,en,this app is very good
289,በጣም ጥሩ ነው,4,2026-04-08,Commercial Bank of Ethiopia,POSITIVE,0.4927,Feature Request / General,0,3,True,am,It is very good
290,deduction but no transaction. not good,3,2026-04-08,Commercial Bank of Ethiopia,NEGATIVE,0.0002637505531311,Transaction Performance,0,6,False,en,deduction but no transaction. not good
291,Easy to use and reliable.,5,2026-04-07,Commercial Bank of Ethiopia,POSITIVE,0.9997798800468444,UI & Design,0,5,False,en,Easy to use and reliable.
292,difficult to see our transactions after aweek,1,2026-04-07,Commercial Bank of Ethiopia,NEGATIVE,0.000432550907135,Transaction Performance,1,7,False,en,difficult to see our transactions after aweek
293,👍👍,5,2026-04-07,Commercial Bank of Ethiopia,NEGATIVE,0.3029435276985168,Feature Request / General,0,1,True,en,👍👍
294,nice,1,2026-04-07,Commercial Bank of Ethiopia,POSITIVE,0.9998552799224854,Feature Request / General,0,1,True,en,nice
295,Good bank,5,2026-04-07,Commercial Bank of Ethiopia,POSITIVE,0.9998420476913452,Feature Request / General,0,2,True,en,Good bank
296,swift,5,2026-04-07,Commercial Bank of Ethiopia,POSITIVE,0.9991281628608704,Feature Request / General,0,1,True,en,swift
297,best,5,2026-04-07,Commercial Bank of Ethiopia,POSITIVE,0.9997941851615906,Feature Request / General,0,1,True,en,best
298,it is wel,5,2026-04-07,Commercial Bank of Ethiopia,POSITIVE,0.9836228489875792,Feature Request / General,0,3,True,en,it is wel
299,nice,4,2026-04-06,Commercial Bank of Ethiopia,POSITIVE,0.9998552799224854,Feature Request / General,0,1,True,en,nice
300,fully functional greate application it makes payment and transaction easier,5,2026-04-06,Commercial Bank of Ethiopia,POSITIVE,0.9978688955307008,Transaction Performance,0,10,False,en,fully functional greate application it makes payment and transaction easier
301,it's best for everyone,5,2026-04-06,Commercial Bank of Ethiopia,POSITIVE,0.9998076558113098,Feature Request / General,0,4,False,en,it's best for everyone
302,good,5,2026-04-06,Commercial Bank of Ethiopia,POSITIVE,0.999816119670868,Feature Request / General,0,1,True,en,good
303,good jobs,5,2026-04-06,Commercial Bank of Ethiopia,POSITIVE,0.9998511075973512,Feature Request / General,0,2,True,en,good jobs
304,am happy using it.But why does it need continuous updates?,5,2026-04-06,Commercial Bank of Ethiopia,NEGATIVE,0.0197756290435791,Feature Request / General,0,10,False,en,am happy using it.But why does it need continuous updates?
305,Good job,5,2026-04-06,Commercial Bank of Ethiopia,POSITIVE,0.999835729598999,Feature Request / General,0,2,True,en,Good job
306,good,5,2026-04-05,Commercial Bank of Ethiopia,POSITIVE,0.999816119670868,Feature Request / General,0,1,True,en,good
307,good,3,2026-04-05,Commercial Bank of Ethiopia,POSITIVE,0.999816119670868,Feature Request / General,0,1,True,en,good
308,wow,5,2026-04-05,Commercial Bank of Ethiopia,POSITIVE,0.999592125415802,Feature Request / General,0,1,True,en,wow
309,good 👍,5,2026-04-05,Commercial Bank of Ethiopia,POSITIVE,0.9998576641082764,Feature Request / General,0,2,True,en,good 👍
310,Thank you for your service.,1,2026-04-05,Commercial Bank of Ethiopia,POSITIVE,0.9998093247413636,Customer Support,0,5,False,en,Thank you for your service.
311,nice,5,2026-04-05,Commercial Bank of Ethiopia,POSITIVE,0.9998552799224854,Feature Request / General,0,1,True,en,nice
312,WOW!,4,2026-04-04,Commercial Bank of Ethiopia,POSITIVE,0.999649167060852,Feature Request / General,0,1,True,en,WOW!
313,i have more experience,5,2026-04-04,Commercial Bank of Ethiopia,POSITIVE,0.9620587825775146,Feature Request / General,0,4,False,en,i have more experience
314,good,5,2026-04-04,Commercial Bank of Ethiopia,POSITIVE,0.999816119670868,Feature Request / General,0,1,True,en,good
315,i like this app,5,2026-04-04,Commercial Bank of Ethiopia,POSITIVE,0.9996516704559326,Feature Request / General,0,4,False,en,i like this app
316,I love this app,5,2026-04-04,Commercial Bank of Ethiopia,POSITIVE,0.9998608827590942,Feature Request / General,0,4,False,en,I love this app
317,it is not working,1,2026-04-04,Commercial Bank of Ethiopia,NEGATIVE,0.0002278685569763,Feature Request / General,0,4,False,en,it is not working
318,the app freezes sometimes and crashing,1,2026-04-04,Commercial Bank of Ethiopia,NEGATIVE,0.0045572519302368,Feature Request / General,0,6,False,en,the app freezes sometimes and crashing
319,for active payment it's number one chose,5,2026-04-04,Commercial Bank of Ethiopia,POSITIVE,0.99142986536026,Transaction Performance,0,7,False,en,for active payment it's number one chose
320,"What a nasty Update is this !. May I say 'Events cast their shadow before happenings'. Trust, value, Bank's 'n' Customers' financial property, such like things, at risk once again(the State owned Bank experienced some months ago due to app development issues or some other unknown reasons. Unable to see my own current balance due to a hidden page being displayed, stacked transaction history since March 26th, among others. Is that a Banking app being developed by Professionals ?.",1,2026-04-04,Commercial Bank of Ethiopia,NEGATIVE,0.0005011558532714,Transaction Performance,1,79,False,en,"What a nasty Update is this !. May I say 'Events cast their shadow before happenings'. Trust, value, Bank's 'n' Customers' financial property, such like things, at risk once again(the State owned Bank experienced some months ago due to app development issues or some other unknown reasons. Unable to see my own current balance due to a hidden page being displayed, stacked transaction history since March 26th, among others. Is that a Banking app being developed by Professionals ?."
321,Very good Service provider bank,5,2026-04-04,Commercial Bank of Ethiopia,POSITIVE,0.9998120665550232,Customer Support,0,5,False,en,Very good Service provider bank
322,nice app keep it up🤝🤝,5,2026-04-03,Commercial Bank of Ethiopia,POSITIVE,0.9996798038482666,Feature Request / General,0,5,False,en,nice app keep it up🤝🤝
323,very much for your information 👋,5,2026-04-03,Commercial Bank of Ethiopia,POSITIVE,0.99816232919693,Feature Request / General,0,6,False,en,very much for your information 👋
324,bad👎,1,2026-04-03,Commercial Bank of Ethiopia,NEGATIVE,0.3029435276985168,Feature Request / General,0,1,True,en,bad👎
325,so nice to me,5,2026-04-03,Commercial Bank of Ethiopia,POSITIVE,0.999841332435608,Feature Request / General,0,4,False,en,so nice to me
326,best,5,2026-04-02,Commercial Bank of Ethiopia,POSITIVE,0.9997941851615906,Feature Request / General,0,1,True,en,best
327,good update,5,2026-04-02,Commercial Bank of Ethiopia,POSITIVE,0.9998435974121094,Feature Request / General,0,2,True,en,good update
328,It's a good improvement. the app,5,2026-04-02,Commercial Bank of Ethiopia,POSITIVE,0.9997755885124208,Feature Request / General,0,6,False,en,It's a good improvement. the app
329,good,5,2026-04-02,Commercial Bank of Ethiopia,POSITIVE,0.999816119670868,Feature Request / General,0,1,True,en,good
330,Excellent,5,2026-04-02,Commercial Bank of Ethiopia,POSITIVE,0.9998434782028198,Feature Request / General,0,1,True,en,Excellent
331,ok,5,2026-04-02,Commercial Bank of Ethiopia,POSITIVE,0.9997851252555848,Feature Request / General,0,1,True,en,ok
332,best,5,2026-04-02,Commercial Bank of Ethiopia,POSITIVE,0.9997941851615906,Feature Request / General,0,1,True,en,best
333,"This app is very unreliable—slow, frequently crashes, and fails to sync properly. Transactions don’t reflect accurately; I transferred money that was deducted but never received, with no record in recent activity. It often stops working and takes too long to update. Reinstalling doesn’t help. You even have to visit a branch for it to start working, which is unacceptable today. The problem is even worse outside Ethiopia.",1,2026-04-02,Commercial Bank of Ethiopia,NEGATIVE,0.0003347396850585,Transaction Performance,1,67,False,en,"This app is very unreliable—slow, frequently crashes, and fails to sync properly. Transactions don’t reflect accurately; I transferred money that was deducted but never received, with no record in recent activity. It often stops working and takes too long to update. Reinstalling doesn’t help. You even have to visit a branch for it to start working, which is unacceptable today. The problem is even worse outside Ethiopia."
334,not working,5,2026-04-01,Commercial Bank of Ethiopia,NEGATIVE,0.0002221465110778,Feature Request / General,0,2,True,en,not working
335,it's fast and easy nice,5,2026-04-01,Commercial Bank of Ethiopia,POSITIVE,0.999872088432312,UI & Design,0,5,False,en,it's fast and easy nice
336,Good,1,2026-04-01,Commercial Bank of Ethiopia,POSITIVE,0.999816119670868,Feature Request / General,0,1,True,en,Good
337,girms,5,2026-04-01,Commercial Bank of Ethiopia,POSITIVE,0.9923914074897766,Feature Request / General,0,1,True,en,girms
338,"this platform is very useful for exchanging payment ,than *889#(it's slower ).🙏🙏",5,2026-04-01,Commercial Bank of Ethiopia,NEGATIVE,0.0037149190902709,Transaction Performance,0,12,False,en,"this platform is very useful for exchanging payment ,than *889#(it's slower ).🙏🙏"
339,best,5,2026-04-01,Commercial Bank of Ethiopia,POSITIVE,0.9997941851615906,Feature Request / General,0,1,True,en,best
340,Good app,5,2026-03-31,Commercial Bank of Ethiopia,POSITIVE,0.9998493194580078,Feature Request / General,0,2,True,en,Good app
341,very excellent application the number one bank of Ethiopia thanks,5,2026-03-31,Commercial Bank of Ethiopia,POSITIVE,0.9998600482940674,Feature Request / General,0,10,False,en,very excellent application the number one bank of Ethiopia thanks
342,I can't use the app months ago. It stopped working with Mobile data and WiFi. I didn't know the cause. Why this app is not compatible with Android 8?,3,2026-03-31,Commercial Bank of Ethiopia,NEGATIVE,0.000391662120819,Feature Request / General,0,29,False,en,I can't use the app months ago. It stopped working with Mobile data and WiFi. I didn't know the cause. Why this app is not compatible with Android 8?
343,not working,3,2026-03-31,Commercial Bank of Ethiopia,NEGATIVE,0.0002221465110778,Feature Request / General,0,2,True,en,not working
344,"very nice app, but charge more.",5,2026-03-31,Commercial Bank of Ethiopia,POSITIVE,0.9977237582206726,Feature Request / General,0,6,False,en,"very nice app, but charge more."
345,Why mobile Banking is not functional?,2,2026-03-31,Commercial Bank of Ethiopia,NEGATIVE,0.0003604888916015,Feature Request / General,0,6,False,en,Why mobile Banking is not functional?
346,does this app support international transactions,3,2026-03-31,Commercial Bank of Ethiopia,POSITIVE,0.9887037873268129,Transaction Performance,0,6,False,en,does this app support international transactions
347,i use CBE almost more than 5 years,3,2026-03-30,Commercial Bank of Ethiopia,NEGATIVE,0.0985776185989379,Feature Request / General,0,8,False,en,i use CBE almost more than 5 years
348,this app essential app on this time,5,2026-03-30,Commercial Bank of Ethiopia,POSITIVE,0.9950023293495178,Transaction Performance,0,7,False,en,this app essential app on this time
349,"After update not working at all, I live in abroad.",1,2026-03-30,Commercial Bank of Ethiopia,NEGATIVE,0.102670669555664,Feature Request / General,0,10,False,en,"After update not working at all, I live in abroad."
350,best app,5,2026-03-30,Commercial Bank of Ethiopia,POSITIVE,0.999686598777771,Feature Request / General,0,2,True,en,best app
351,nice,1,2026-03-30,Commercial Bank of Ethiopia,POSITIVE,0.9998552799224854,Feature Request / General,0,1,True,en,nice
352,it is not well functional. It always sluggish and poor application. n Not interested because always straggling .,1,2026-03-30,Commercial Bank of Ethiopia,NEGATIVE,0.0001804232597351,Feature Request / General,0,18,False,en,it is not well functional. It always sluggish and poor application. n Not interested because always straggling .
353,best bank ever,5,2026-03-30,Commercial Bank of Ethiopia,POSITIVE,0.9998133778572084,Feature Request / General,0,3,True,en,best bank ever
354,Pleas allow self service on Mobile banking.,5,2026-03-29,Commercial Bank of Ethiopia,NEGATIVE,0.0215572118759155,Customer Support,0,7,False,en,Pleas allow self service on Mobile banking.
355,saved transactions doesn't work properly it doesn't show transactions before a month only shows recent transactions even after I set filter date range,1,2026-03-29,Commercial Bank of Ethiopia,NEGATIVE,0.0033324360847473,Transaction Performance,1,23,False,en,saved transactions doesn't work properly it doesn't show transactions before a month only shows recent transactions even after I set filter date range
356,good,5,2026-03-29,Commercial Bank of Ethiopia,POSITIVE,0.999816119670868,Feature Request / General,0,1,True,en,good
357,easygoing & Convenient to use.,5,2026-03-29,Commercial Bank of Ethiopia,POSITIVE,0.9991795420646667,UI & Design,0,5,False,en,easygoing & Convenient to use.
358,Thank you,5,2026-03-28,Commercial Bank of Ethiopia,POSITIVE,0.9998352527618408,Feature Request / General,0,2,True,en,Thank you
359,good,5,2026-03-28,Commercial Bank of Ethiopia,POSITIVE,0.999816119670868,Feature Request / General,0,1,True,en,good
360,nice,5,2026-03-28,Commercial Bank of Ethiopia,POSITIVE,0.9998552799224854,Feature Request / General,0,1,True,en,nice
361,excellent,5,2026-03-28,Commercial Bank of Ethiopia,POSITIVE,0.9998434782028198,Feature Request / General,0,1,True,en,excellent
362,It charges high amount of service charge.,1,2026-03-28,Commercial Bank of Ethiopia,POSITIVE,0.9774951338768004,Customer Support,0,7,False,en,It charges high amount of service charge.
363,best,5,2026-03-28,Commercial Bank of Ethiopia,POSITIVE,0.9997941851615906,Feature Request / General,0,1,True,en,best
364,good,5,2026-03-27,Commercial Bank of Ethiopia,POSITIVE,0.999816119670868,Feature Request / General,0,1,True,en,good
365,melkam new,4,2026-03-27,Commercial Bank of Ethiopia,NEUTRAL,0.0,Feature Request / General,0,2,True,om,I milk new
366,Very good service all times,5,2026-03-25,Commercial Bank of Ethiopia,POSITIVE,0.9998514652252196,Customer Support,0,5,False,en,Very good service all times
367,ohh very useful and easy for use,5,2026-03-25,Commercial Bank of Ethiopia,POSITIVE,0.9979259967803956,UI & Design,0,7,False,en,ohh very useful and easy for use
368,wow,5,2026-03-25,Commercial Bank of Ethiopia,POSITIVE,0.999592125415802,Feature Request / General,0,1,True,en,wow
369,good application,5,2026-03-25,Commercial Bank of Ethiopia,POSITIVE,0.999854564666748,Feature Request / General,0,2,True,en,good application
370,good,5,2026-03-25,Commercial Bank of Ethiopia,POSITIVE,0.999816119670868,Feature Request / General,0,1,True,en,good
371,its good,5,2026-03-24,Commercial Bank of Ethiopia,POSITIVE,0.9998385906219482,Feature Request / General,0,2,True,en,its good
372,so nice,5,2026-03-24,Commercial Bank of Ethiopia,POSITIVE,0.9998610019683838,Feature Request / General,0,2,True,en,so nice
373,it nice and fast but usually it bad the connection by 4g network it still bad,4,2026-03-24,Commercial Bank of Ethiopia,NEGATIVE,0.0011197924613952,Feature Request / General,0,16,False,en,it nice and fast but usually it bad the connection by 4g network it still bad
374,not work app,5,2026-03-23,Commercial Bank of Ethiopia,NEGATIVE,0.0003286600112915,Feature Request / General,0,3,True,en,not work app
375,nice App,5,2026-03-22,Commercial Bank of Ethiopia,POSITIVE,0.9998061060905457,Feature Request / General,0,2,True,en,nice App
376,CBE is my beast one for any transactions,5,2026-03-22,Commercial Bank of Ethiopia,POSITIVE,0.9963353872299194,Transaction Performance,0,8,False,en,CBE is my beast one for any transactions
377,very good,5,2026-03-22,Commercial Bank of Ethiopia,POSITIVE,0.9998520612716676,Feature Request / General,0,2,True,en,very good
378,I Am Proud Of CBE Period!!!,5,2026-03-22,Commercial Bank of Ethiopia,POSITIVE,0.9998430013656616,Feature Request / General,0,6,False,en,I Am Proud Of CBE Period!!!
379,digital banking,5,2026-03-21,Commercial Bank of Ethiopia,POSITIVE,0.9698484539985656,Feature Request / General,0,2,True,en,digital banking
380,it is very good service you are giving,5,2026-03-21,Commercial Bank of Ethiopia,POSITIVE,0.9998605251312256,Customer Support,0,8,False,en,it is very good service you are giving
381,ps fast and easy,5,2026-03-21,Commercial Bank of Ethiopia,POSITIVE,0.9974810481071472,UI & Design,0,4,False,en,ps fast and easy
382,nice app for me,3,2026-03-21,Commercial Bank of Ethiopia,POSITIVE,0.9997487664222716,Feature Request / General,0,4,False,en,nice app for me
383,vibe,4,2026-03-21,Commercial Bank of Ethiopia,POSITIVE,0.998847246170044,Feature Request / General,0,1,True,en,vibe
384,Tajajilli keessan dubati Hafadha አገልግሎታችሁን ዱባቲ ሀፋድህን አቆይ Your service will stay behind,1,2026-03-21,Commercial Bank of Ethiopia,NEUTRAL,0.0,Feature Request / General,0,13,False,am,Tajajilli keessan dubati Hafadha Your service will stay behind
385,ገላግሌ ብየዋለው ጥድት ያለ አፕ,5,2026-03-20,Commercial Bank of Ethiopia,NEUTRAL,0.0,Feature Request / General,0,5,False,am,I called it a pine tree
386,best app i like it,5,2026-03-20,Commercial Bank of Ethiopia,POSITIVE,0.9997627139091492,Feature Request / General,0,5,False,en,best app i like it
387,it is really very poor application. i've ever experienced.,1,2026-03-20,Commercial Bank of Ethiopia,NEGATIVE,0.0002029538154602,Feature Request / General,0,9,False,en,it is really very poor application. i've ever experienced.
388,wow ✌️,5,2026-03-19,Commercial Bank of Ethiopia,POSITIVE,0.9992976188659668,Feature Request / General,0,2,True,en,wow ✌️
389,EASY & SIMLPE TO MANIPULATE. COGRATS !!,4,2026-03-19,Commercial Bank of Ethiopia,NEGATIVE,0.0144277215003967,UI & Design,0,7,False,en,EASY & SIMLPE TO MANIPULATE. COGRATS !!
390,zewediesh,4,2026-03-19,Commercial Bank of Ethiopia,NEGATIVE,0.0970023274421691,Feature Request / General,0,1,True,en,zewediesh
391,nice app,4,2026-03-19,Commercial Bank of Ethiopia,POSITIVE,0.9998061060905457,Feature Request / General,0,2,True,en,nice app
392,Perfect App,5,2026-03-19,Commercial Bank of Ethiopia,POSITIVE,0.9998340606689452,Feature Request / General,0,2,True,en,Perfect App
393,🆗 g,5,2026-03-19,Commercial Bank of Ethiopia,NEUTRAL,0.5323761701583862,Feature Request / General,0,2,True,en,🆗 g
394,the best app of mobile banking,5,2026-03-18,Commercial Bank of Ethiopia,POSITIVE,0.9998237490653992,Feature Request / General,0,6,False,en,the best app of mobile banking
395,ዝም ብሉ ይዞራል 😡😡😡,3,2026-03-18,Commercial Bank of Ethiopia,NEUTRAL,0.0,Feature Request / General,0,4,False,am,"Shut up, it will turn around 😡😡😡"
396,the bank You can always relay on!,5,2026-03-18,Commercial Bank of Ethiopia,POSITIVE,0.9955812096595764,Feature Request / General,0,7,False,en,the bank You can always relay on!
397,good,1,2026-03-18,Commercial Bank of Ethiopia,POSITIVE,0.999816119670868,Feature Request / General,0,1,True,en,good
398,ok,5,2026-03-18,Commercial Bank of Ethiopia,POSITIVE,0.9997851252555848,Feature Request / General,0,1,True,en,ok
399,good,5,2026-03-18,Commercial Bank of Ethiopia,POSITIVE,0.999816119670868,Feature Request / General,0,1,True,en,good
400,"Why does this welcome notification appear every time the app is opened? It doesn’t add value in its current form, so please consider removing it. Alternatively, you could adjust it to appear only occasionally.",4,2026-03-17,Commercial Bank of Ethiopia,NEGATIVE,0.0008344650268554,Feature Request / General,0,34,False,en,"Why does this welcome notification appear every time the app is opened? It doesn’t add value in its current form, so please consider removing it. Alternatively, you could adjust it to appear only occasionally."
401,10Q U,5,2026-03-17,Commercial Bank of Ethiopia,NEGATIVE,0.2157835364341735,Feature Request / General,0,2,True,en,10Q U
402,very interesting,5,2026-03-17,Commercial Bank of Ethiopia,POSITIVE,0.999863862991333,Feature Request / General,0,2,True,en,very interesting
403,"it cant accomidate more than 2 accounts,every time i subscribe for my 3r account it vanish.",3,2026-03-17,Commercial Bank of Ethiopia,NEGATIVE,0.000604510307312,Account Access,0,16,False,en,"it cant accomidate more than 2 accounts,every time i subscribe for my 3r account it vanish."
404,it's so disgusting my phone is s9+ android of 8/9 and this application still doesn't work for my phone fix it sooner as possible !,1,2026-03-17,Commercial Bank of Ethiopia,NEGATIVE,0.000352144241333,Feature Request / General,0,25,False,en,it's so disgusting my phone is s9+ android of 8/9 and this application still doesn't work for my phone fix it sooner as possible !
405,This app is by far one of the useless apps. It keep on sating can't sync and unable to do transfers. please for God sake fix it,1,2026-03-17,Commercial Bank of Ethiopia,NEGATIVE,0.0002160668373107,Transaction Performance,1,27,False,en,This app is by far one of the useless apps. It keep on sating can't sync and unable to do transfers. please for God sake fix it
406,ልስን,4,2026-03-17,Commercial Bank of Ethiopia,NEUTRAL,0.0,Feature Request / General,0,1,True,am,let us
407,new app,5,2026-03-17,Commercial Bank of Ethiopia,POSITIVE,0.9902405738830566,Feature Request / General,0,2,True,en,new app
408,Nice,5,2026-03-17,Commercial Bank of Ethiopia,POSITIVE,0.9998552799224854,Feature Request / General,0,1,True,en,Nice
409,it can't showed transaction history perfectly,1,2026-03-16,Commercial Bank of Ethiopia,NEGATIVE,0.0004114508628845,Transaction Performance,1,6,False,en,it can't showed transaction history perfectly
410,it have to be work on all smart phone ratherthan limitted by version,1,2026-03-16,Commercial Bank of Ethiopia,NEGATIVE,0.0159564614295959,Feature Request / General,0,13,False,en,it have to be work on all smart phone ratherthan limitted by version
411,All right 👍,5,2026-03-16,Commercial Bank of Ethiopia,POSITIVE,0.999824583530426,Feature Request / General,0,3,True,en,All right 👍
412,you can transfer br,5,2026-03-16,Commercial Bank of Ethiopia,POSITIVE,0.9933522939682008,Transaction Performance,0,4,False,en,you can transfer br
413,well,5,2026-03-16,Commercial Bank of Ethiopia,POSITIVE,0.9995703101158142,Feature Request / General,0,1,True,en,well
414,not properly work,2,2026-03-16,Commercial Bank of Ethiopia,NEGATIVE,0.0002124905586242,Feature Request / General,0,3,True,en,not properly work
415,nice app,5,2026-03-16,Commercial Bank of Ethiopia,POSITIVE,0.9998061060905457,Feature Request / General,0,2,True,en,nice app
416,proud of CBE. CBE is my everyday day choice and confidence.,5,2026-03-15,Commercial Bank of Ethiopia,POSITIVE,0.9998643398284912,Feature Request / General,0,11,False,en,proud of CBE. CBE is my everyday day choice and confidence.
417,It would be great if you could add tele birr agent to the transfer to wallet.,2,2026-03-15,Commercial Bank of Ethiopia,NEGATIVE,0.0038908123970031,Transaction Performance,1,16,False,en,It would be great if you could add tele birr agent to the transfer to wallet.
418,love,5,2026-03-15,Commercial Bank of Ethiopia,POSITIVE,0.9998735189437866,Feature Request / General,0,1,True,en,love
419,"To the CBE: I opened my account 8 years ago while working as a government employee in Harerghe. Now I live in Addis Ababa, yet my account has been frozen without any explanation. I contacted nearby branches and even the head office, and all I was told is that I must go to the branch where I originally opened my account-over 400 km away. How is this fair/legal? Expecting a customer to travel over 400km just to reactivate an account is unreasonable and shows a total disregard for customer rights.",3,2026-03-14,Commercial Bank of Ethiopia,NEGATIVE,0.0004059672355651,Account Access,0,90,False,en,"To the CBE: I opened my account 8 years ago while working as a government employee in Harerghe. Now I live in Addis Ababa, yet my account has been frozen without any explanation. I contacted nearby branches and even the head office, and all I was told is that I must go to the branch where I originally opened my account-over 400 km away. How is this fair/legal? Expecting a customer to travel over 400km just to reactivate an account is unreasonable and shows a total disregard for customer rights."
420,"it's good, but sometime the app can not be fast and it will need upgraeds.....?",4,2026-03-14,Commercial Bank of Ethiopia,NEGATIVE,0.0035121440887451,Feature Request / General,0,15,False,en,"it's good, but sometime the app can not be fast and it will need upgraeds.....?"
421,I gone to cbe branch more times as I updated or re installed it because it asks verfication no. after reinstallation or updation tis costy for you,4,2026-03-14,Commercial Bank of Ethiopia,NEGATIVE,0.0011647343635559,Feature Request / General,0,27,False,en,I gone to cbe branch more times as I updated or re installed it because it asks verfication no. after reinstallation or updation tis costy for you
422,wonderful Pp,5,2026-03-14,Commercial Bank of Ethiopia,POSITIVE,0.9998849630355836,Feature Request / General,0,2,True,en,wonderful Pp
423,ok,5,2026-03-14,Commercial Bank of Ethiopia,POSITIVE,0.9997851252555848,Feature Request / General,0,1,True,en,ok
424,l want Mobile banks code,5,2026-03-13,Commercial Bank of Ethiopia,NEGATIVE,0.0189526677131652,Account Access,0,5,False,en,l want Mobile banks code
425,My application are not working,5,2026-03-13,Commercial Bank of Ethiopia,NEGATIVE,0.0002149939537048,Feature Request / General,0,5,False,en,My application are not working
426,its good customer support,4,2026-03-13,Commercial Bank of Ethiopia,POSITIVE,0.9998515844345092,Customer Support,0,4,False,en,its good customer support
427,Can't active now,3,2026-03-13,Commercial Bank of Ethiopia,NEGATIVE,0.0009044408798217,Feature Request / General,0,3,True,en,Can't active now
428,this app is really make me excited 😊,5,2026-03-13,Commercial Bank of Ethiopia,POSITIVE,0.9994534850120544,Feature Request / General,0,8,False,en,this app is really make me excited 😊
429,ok,5,2026-03-13,Commercial Bank of Ethiopia,POSITIVE,0.9997851252555848,Feature Request / General,0,1,True,en,ok
430,Easy to use and best way for online transactions in Ethiopia.,4,2026-03-12,Commercial Bank of Ethiopia,POSITIVE,0.9341235756874084,Transaction Performance,0,11,False,en,Easy to use and best way for online transactions in Ethiopia.
431,good,5,2026-03-12,Commercial Bank of Ethiopia,POSITIVE,0.999816119670868,Feature Request / General,0,1,True,en,good
432,ቸርነት ገበየሁ,5,2026-03-12,Commercial Bank of Ethiopia,POSITIVE,0.4588,Feature Request / General,0,2,True,am,I bought goodness
433,"False advertising regarding Virtual Mastercard/Visa 😓😢😓 The latest update claims to support Mastercard and Visa cards, but this is completely false. The features are either missing or do not work at all. It is shameful for a leading bank to mislead its customers with ""new features"" that aren't actually available. Fix the bugs or stop making false promises.",1,2026-03-12,Commercial Bank of Ethiopia,NEGATIVE,0.0002674460411071,Customer Support,0,58,False,en,"False advertising regarding Virtual Mastercard/Visa 😓😢😓 The latest update claims to support Mastercard and Visa cards, but this is completely false. The features are either missing or do not work at all. It is shameful for a leading bank to mislead its customers with ""new features"" that aren't actually available. Fix the bugs or stop making false promises."
434,good,5,2026-03-12,Commercial Bank of Ethiopia,POSITIVE,0.999816119670868,Feature Request / General,0,1,True,en,good
435,thanks for my custom,5,2026-03-12,Commercial Bank of Ethiopia,POSITIVE,0.9995878338813782,Feature Request / General,0,4,False,en,thanks for my custom
436,is good always not work not access.,2,2026-03-11,Commercial Bank of Ethiopia,POSITIVE,0.7839502096176147,Account Access,1,7,False,en,is good always not work not access.
437,perfect 👌,5,2026-03-11,Commercial Bank of Ethiopia,POSITIVE,0.9998273849487304,Feature Request / General,0,2,True,en,perfect 👌
438,Baankiin Daldala Itoophiyaa nuuf qabeenya guddaa tahuu hin dagatinaa Mata duree ykn Handhuura baankii hundaati,5,2026-03-11,Commercial Bank of Ethiopia,POSITIVE,0.765,Feature Request / General,0,15,False,om,Remember that Commercial Bank of Ethiopia is a great asset to us It is the Head or Capital of every bank
439,The worst Application,1,2026-03-10,Commercial Bank of Ethiopia,NEGATIVE,0.0002087950706481,Feature Request / General,0,3,True,en,The worst Application
440,keepup the good work thanks,5,2026-03-10,Commercial Bank of Ethiopia,POSITIVE,0.9998656511306764,Feature Request / General,0,5,False,en,keepup the good work thanks
441,it good,5,2026-03-10,Commercial Bank of Ethiopia,POSITIVE,0.9998427629470824,Feature Request / General,0,2,True,en,it good
442,loved,5,2026-03-10,Commercial Bank of Ethiopia,POSITIVE,0.999881386756897,Feature Request / General,0,1,True,en,loved
443,❤,5,2026-03-10,Commercial Bank of Ethiopia,NEGATIVE,0.3029435276985168,Feature Request / General,0,1,True,en,❤
444,good,5,2026-03-09,Commercial Bank of Ethiopia,POSITIVE,0.999816119670868,Feature Request / General,0,1,True,en,good
445,exellent app!!!!!,5,2026-03-09,Commercial Bank of Ethiopia,NEGATIVE,0.4139871001243591,Feature Request / General,0,2,True,en,exellent app!!!!!
446,it's good,3,2026-03-09,Commercial Bank of Ethiopia,POSITIVE,0.9998360872268676,Feature Request / General,0,2,True,en,it's good
447,easy to use,5,2026-03-09,Commercial Bank of Ethiopia,POSITIVE,0.9988542795181274,UI & Design,0,3,True,en,easy to use
448,good,5,2026-03-09,Commercial Bank of Ethiopia,POSITIVE,0.999816119670868,Feature Request / General,0,1,True,en,good
449,Very Good service,5,2026-03-09,Commercial Bank of Ethiopia,POSITIVE,0.9998648166656494,Customer Support,0,3,True,en,Very Good service
450,The most dictator app in the banking industry. you beg for your own amount.,1,2026-03-09,Commercial Bank of Ethiopia,NEGATIVE,0.013541042804718,Feature Request / General,0,14,False,en,The most dictator app in the banking industry. you beg for your own amount.
451,Very good,5,2026-03-08,Commercial Bank of Ethiopia,POSITIVE,0.9998520612716676,Feature Request / General,0,2,True,en,Very good
452,ጥሩ ነው,5,2026-03-08,Commercial Bank of Ethiopia,POSITIVE,0.4404,Feature Request / General,0,2,True,am,it's good
453,ቀርፋፋ ነዉ,2,2026-03-08,Commercial Bank of Ethiopia,NEUTRAL,0.0,Transaction Performance,1,2,True,am,It is slow
454,their is no option to write the code and it is not functioning and i can't find the setting,1,2026-03-07,Commercial Bank of Ethiopia,NEGATIVE,0.0002084374427795,Account Access,1,19,False,en,their is no option to write the code and it is not functioning and i can't find the setting
455,I like it,4,2026-03-07,Commercial Bank of Ethiopia,POSITIVE,0.99985933303833,Feature Request / General,0,3,True,en,I like it
456,slowing on connection.,3,2026-03-07,Commercial Bank of Ethiopia,NEGATIVE,0.0074750781059265,Transaction Performance,0,3,True,en,slowing on connection.
457,please release an app which can work for all android versions.,1,2026-03-07,Commercial Bank of Ethiopia,POSITIVE,0.818067193031311,Feature Request / General,0,11,False,en,please release an app which can work for all android versions.
458,"The previous application is good, but currently, after updating the application, everything is not working properly.",1,2026-03-07,Commercial Bank of Ethiopia,NEGATIVE,0.0006912946701049,Feature Request / General,0,16,False,en,"The previous application is good, but currently, after updating the application, everything is not working properly."
459,first bank itoophiyaa nigd bank,5,2026-03-06,Commercial Bank of Ethiopia,NEGATIVE,0.0177997350692749,Feature Request / General,0,5,False,en,first bank itoophiyaa nigd bank
460,Good,5,2026-03-06,Commercial Bank of Ethiopia,POSITIVE,0.999816119670868,Feature Request / General,0,1,True,en,Good
461,heddu gaalatoma,5,2026-03-06,Commercial Bank of Ethiopia,POSITIVE,0.3612,Feature Request / General,0,2,True,om,thank you very much
462,"Did you know that if you open and hide your balance amount, it's font size will grow untill you can make it grow anymore because the Eye thingy will disappear (😭😭🫠)",4,2026-03-06,Commercial Bank of Ethiopia,NEGATIVE,0.0012760758399963,Feature Request / General,0,31,False,en,"Did you know that if you open and hide your balance amount, it's font size will grow untill you can make it grow anymore because the Eye thingy will disappear (😭😭🫠)"
463,this is best app,4,2026-03-06,Commercial Bank of Ethiopia,POSITIVE,0.9996013045310974,Feature Request / General,0,4,False,en,this is best app
464,"sometimes it shows ""the app is not configured to the latest"" message. Version 5.2 4",3,2026-03-06,Commercial Bank of Ethiopia,NEGATIVE,0.0022224783897399,Feature Request / General,0,15,False,en,"sometimes it shows ""the app is not configured to the latest"" message. Version 5.2 4"
465,"Due to app version is to long ,this app is more lost money for new phone,im sory the new CBE app developper!",1,2026-03-06,Commercial Bank of Ethiopia,NEGATIVE,0.0008544921875,Transaction Performance,1,22,False,en,"Due to app version is to long ,this app is more lost money for new phone,im sory the new CBE app developper!"
466,I am using most of my financial things smoothly.,5,2026-03-05,Commercial Bank of Ethiopia,POSITIVE,0.9986477494239808,Feature Request / General,0,9,False,en,I am using most of my financial things smoothly.
467,good,4,2026-03-05,Commercial Bank of Ethiopia,POSITIVE,0.999816119670868,Feature Request / General,0,1,True,en,good
468,Nice,5,2026-03-05,Commercial Bank of Ethiopia,POSITIVE,0.9998552799224854,Feature Request / General,0,1,True,en,Nice
469,ወደ ቴሌ ለማስተላለፍ ዕምብ አለ,5,2026-03-05,Commercial Bank of Ethiopia,NEUTRAL,0.0,Transaction Performance,0,5,False,am,There is a plum to transfer to the TV
470,nic,5,2026-03-05,Commercial Bank of Ethiopia,POSITIVE,0.9977141618728638,Feature Request / General,0,1,True,en,nic
471,good,5,2026-03-05,Commercial Bank of Ethiopia,POSITIVE,0.999816119670868,Feature Request / General,0,1,True,en,good
472,Excellent app,5,2026-03-05,Commercial Bank of Ethiopia,POSITIVE,0.9998356103897096,Feature Request / General,0,2,True,en,Excellent app
473,ok,5,2026-03-05,Commercial Bank of Ethiopia,POSITIVE,0.9997851252555848,Feature Request / General,0,1,True,en,ok
474,I like this apk and also I can accessed it wel!,5,2026-03-05,Commercial Bank of Ethiopia,POSITIVE,0.9989110231399536,Account Access,0,11,False,en,I like this apk and also I can accessed it wel!
475,This app is not working on samsung j6 devices this is not fair we can't afford to buy new devices so u have to make work on this devices to?,1,2026-03-04,Commercial Bank of Ethiopia,NEGATIVE,0.0005291104316711,Feature Request / General,0,30,False,en,This app is not working on samsung j6 devices this is not fair we can't afford to buy new devices so u have to make work on this devices to?
476,best,5,2026-03-04,Commercial Bank of Ethiopia,POSITIVE,0.9997941851615906,Feature Request / General,0,1,True,en,best
477,it's very good apps I like it,5,2026-03-04,Commercial Bank of Ethiopia,POSITIVE,0.9998809099197388,Feature Request / General,0,7,False,en,it's very good apps I like it
478,Good work,5,2026-03-04,Commercial Bank of Ethiopia,POSITIVE,0.999841332435608,Feature Request / General,0,2,True,en,Good work
479,"Good app, Thanks",5,2026-03-04,Commercial Bank of Ethiopia,POSITIVE,0.999849796295166,Feature Request / General,0,3,True,en,"Good app, Thanks"
480,my choice,5,2026-03-04,Commercial Bank of Ethiopia,POSITIVE,0.9978784322738647,Feature Request / General,0,2,True,en,my choice
481,strong 💪,5,2026-03-03,Commercial Bank of Ethiopia,POSITIVE,0.9998496770858764,Feature Request / General,0,2,True,en,strong 💪
482,Good,5,2026-03-03,Commercial Bank of Ethiopia,POSITIVE,0.999816119670868,Feature Request / General,0,1,True,en,Good
483,Excellent,5,2026-03-03,Commercial Bank of Ethiopia,POSITIVE,0.9998434782028198,Feature Request / General,0,1,True,en,Excellent
484,Your app is not working for android version 8. pls make it available!!,2,2026-03-03,Commercial Bank of Ethiopia,NEGATIVE,0.001301884651184,Feature Request / General,0,13,False,en,Your app is not working for android version 8. pls make it available!!
485,I couldn't pay/transfer to my loan account. Would you mind updating your system?,3,2026-03-03,Commercial Bank of Ethiopia,NEGATIVE,0.0013075470924377,Account Access,0,13,False,en,I couldn't pay/transfer to my loan account. Would you mind updating your system?
486,it is good important applications gofowards cbe,5,2026-03-03,Commercial Bank of Ethiopia,POSITIVE,0.9993916749954224,Feature Request / General,0,7,False,en,it is good important applications gofowards cbe
487,sestem esy,1,2026-03-03,Commercial Bank of Ethiopia,NEUTRAL,0.0,Feature Request / General,0,2,True,om,six aces
488,account not raning,5,2026-03-03,Commercial Bank of Ethiopia,NEGATIVE,0.0390816330909729,Account Access,0,3,True,en,account not raning
489,bergit koranibachihu fetan agelgilot eyagegnen new.....💪,5,2026-03-03,Commercial Bank of Ethiopia,NEGATIVE,0.0569903850555419,Feature Request / General,0,6,False,en,bergit koranibachihu fetan agelgilot eyagegnen new.....💪
490,bad,1,2026-03-02,Commercial Bank of Ethiopia,NEGATIVE,0.0002176165580749,Feature Request / General,0,1,True,en,bad
491,nic,5,2026-03-02,Commercial Bank of Ethiopia,POSITIVE,0.9977141618728638,Feature Request / General,0,1,True,en,nic
492,"WOW, The bank I trust most",5,2026-03-02,Commercial Bank of Ethiopia,POSITIVE,0.9993656277656556,Feature Request / General,0,6,False,en,"WOW, The bank I trust most"
493,"I’m really glad you find the app useful, secure, and reliable.",5,2026-03-02,Commercial Bank of Ethiopia,POSITIVE,0.999055564403534,Feature Request / General,0,11,False,en,"I’m really glad you find the app useful, secure, and reliable."
494,wonderful,5,2026-03-02,Commercial Bank of Ethiopia,POSITIVE,0.9998772144317628,Feature Request / General,0,1,True,en,wonderful
495,good,5,2026-03-02,Commercial Bank of Ethiopia,POSITIVE,0.999816119670868,Feature Request / General,0,1,True,en,good
496,good application thanks very much,5,2026-03-02,Commercial Bank of Ethiopia,POSITIVE,0.9998576641082764,Feature Request / General,0,5,False,en,good application thanks very much
497,very good,5,2026-03-02,Commercial Bank of Ethiopia,POSITIVE,0.9998520612716676,Feature Request / General,0,2,True,en,very good
498,unbile to connect eyale aschegeren,1,2026-03-01,Commercial Bank of Ethiopia,NEGATIVE,0.0288417339324951,Feature Request / General,0,5,False,en,unbile to connect eyale aschegeren
499,it doesn't work,1,2026-03-01,Commercial Bank of Ethiopia,NEGATIVE,0.0002186894416809,Feature Request / General,0,3,True,en,it doesn't work
500,It is easy and comfortable platform.,5,2025-12-11,Bank of Abyssinia,POSITIVE,0.9997979998588562,UI & Design,0,6,False,en,It is easy and comfortable platform.
501,boa,4,2025-11-29,Bank of Abyssinia,NEGATIVE,0.2589462399482727,Feature Request / General,0,1,True,en,boa
502,didint see the problem,5,2025-10-09,Bank of Abyssinia,NEGATIVE,0.0085412859916687,Feature Request / General,0,4,False,en,didint see the problem
503,the First application is Easy,1,2025-09-05,Bank of Abyssinia,POSITIVE,0.9964247345924376,UI & Design,0,5,False,en,the First application is Easy
504,it's very good service,5,2025-09-01,Bank of Abyssinia,POSITIVE,0.9998666048049928,Customer Support,0,4,False,en,it's very good service
505,the best app,4,2025-06-02,Bank of Abyssinia,POSITIVE,0.9998469352722168,Feature Request / General,0,3,True,en,the best app
506,Keep It Up Your Carrer!!!,5,2025-01-22,Bank of Abyssinia,POSITIVE,0.9942480325698853,Feature Request / General,0,5,False,en,Keep It Up Your Carrer!!!
507,clumsy app.,1,2024-11-08,Bank of Abyssinia,NEGATIVE,0.0002834200859069,Feature Request / General,0,2,True,en,clumsy app.
508,Verygood app,5,2024-09-23,Bank of Abyssinia,POSITIVE,0.9989676475524902,Feature Request / General,0,2,True,en,Verygood app
509,Abisniya ban,5,2024-09-06,Bank of Abyssinia,NEUTRAL,0.0,Feature Request / General,0,2,True,om,I'm not Abyssinian
510,Not working all the time,1,2024-09-04,Bank of Abyssinia,NEGATIVE,0.0014376044273376,Feature Request / General,0,5,False,en,Not working all the time
511,Yes woow,5,2024-08-15,Bank of Abyssinia,POSITIVE,0.9878647923469543,Feature Request / General,0,2,True,en,Yes woow
512,Working,1,2024-07-25,Bank of Abyssinia,POSITIVE,0.9987824559211732,Feature Request / General,0,1,True,en,Working
513,Good,4,2024-07-11,Bank of Abyssinia,POSITIVE,0.999816119670868,Feature Request / General,0,1,True,en,Good
514,tooooooo much poor,1,2024-07-10,Bank of Abyssinia,NEGATIVE,0.0002647042274475,Feature Request / General,0,3,True,en,tooooooo much poor
515,The app is very slow; please optimize the system for speed.,2,2024-07-08,Bank of Abyssinia,NEGATIVE,0.0014093518257141,Transaction Performance,1,11,False,en,The app is very slow; please optimize the system for speed.
516,The new updates dos not work on my device what shall i do,1,2024-07-01,Bank of Abyssinia,NEGATIVE,0.0002790093421936,Feature Request / General,0,13,False,en,The new updates dos not work on my device what shall i do
517,Kamil,5,2024-05-15,Bank of Abyssinia,POSITIVE,0.9904099702835084,Feature Request / General,0,1,True,en,Kamil
518,Please update,5,2024-05-14,Bank of Abyssinia,POSITIVE,0.9988129138946532,Feature Request / General,0,2,True,en,Please update
519,"I have been using the app but now it says ""This app is not available for any of your devices"" And i couldn't use it.",1,2024-05-05,Bank of Abyssinia,NEGATIVE,0.0003505945205688,Feature Request / General,0,25,False,en,"I have been using the app but now it says ""This app is not available for any of your devices"" And i couldn't use it."
520,I t good,5,2024-04-28,Bank of Abyssinia,NEGATIVE,0.0005460381507873,Feature Request / General,0,3,True,en,I t good
521,It is good,1,2024-04-26,Bank of Abyssinia,POSITIVE,0.9998494386672974,Feature Request / General,0,3,True,en,It is good
522,Slow,3,2024-04-25,Bank of Abyssinia,NEGATIVE,0.0002686381340026,Transaction Performance,0,1,True,en,Slow
523,The only problem with this app is that it almost never works! How can you make this product available to customers when you know your customers will get the worst experience?,1,2024-04-20,Bank of Abyssinia,NEGATIVE,0.0002691149711608,Customer Support,0,31,False,en,The only problem with this app is that it almost never works! How can you make this product available to customers when you know your customers will get the worst experience?
524,Thanks bayyee gaariidhaa,5,2024-04-07,Bank of Abyssinia,POSITIVE,0.7178,Feature Request / General,0,3,True,om,Thanks very nice
525,Your app is not working,1,2024-02-29,Bank of Abyssinia,NEGATIVE,0.0002160668373107,Feature Request / General,0,5,False,en,Your app is not working
526,This app is good but its slow not fast,3,2024-02-28,Bank of Abyssinia,NEUTRAL,0.534680187702179,Transaction Performance,0,9,False,en,This app is good but its slow not fast
527,The worst banking app I've ever used! I don't need a lot of features please remove the all the mumbo jambo and make the basic stuff work first! Don't get me started with the performance. I won't be using boa anymore it's ridiculous,2,2024-02-25,Bank of Abyssinia,NEGATIVE,0.0003852844238281,Feature Request / General,0,43,False,en,The worst banking app I've ever used! I don't need a lot of features please remove the all the mumbo jambo and make the basic stuff work first! Don't get me started with the performance. I won't be using boa anymore it's ridiculous
528,"Unusable! Dev's, Please make sure to test your apps before pushing it to production. 🙄",1,2024-02-21,Bank of Abyssinia,NEGATIVE,0.0058124065399169,Feature Request / General,0,15,False,en,"Unusable! Dev's, Please make sure to test your apps before pushing it to production. 🙄"
529,Auto update,1,2024-02-18,Bank of Abyssinia,NEGATIVE,0.1826331615447998,Feature Request / General,0,2,True,en,Auto update
530,It's not working also very low speed,1,2024-02-13,Bank of Abyssinia,NEGATIVE,0.0002875924110412,Transaction Performance,1,7,False,en,It's not working also very low speed
531,nice,5,2024-02-12,Bank of Abyssinia,POSITIVE,0.9998552799224854,Feature Request / General,0,1,True,en,nice
532,Excellent .,5,2024-02-11,Bank of Abyssinia,POSITIVE,0.9998406171798706,Feature Request / General,0,2,True,en,Excellent .
533,When I open the app most of the time shows me blank/White page,1,2024-02-10,Bank of Abyssinia,NEGATIVE,0.0021283626556396,Feature Request / General,0,13,False,en,When I open the app most of the time shows me blank/White page
534,This app is very problematic compared to other financial apps and unable to be updated.,1,2024-02-09,Bank of Abyssinia,NEGATIVE,0.0006778240203857,Feature Request / General,0,15,False,en,This app is very problematic compared to other financial apps and unable to be updated.
535,None sense app,1,2024-02-09,Bank of Abyssinia,NEGATIVE,0.0022514462471008,Feature Request / General,0,3,True,en,None sense app
536,It suckssss!!!!!,1,2024-02-08,Bank of Abyssinia,NEGATIVE,0.009375512599945,Feature Request / General,0,2,True,en,It suckssss!!!!!
537,Please Goto Play-store or App-store Search for BoA Mobile Banking App And Click on Update app When i open app it says the above but it hasn't update option on play store.,1,2024-02-08,Bank of Abyssinia,NEGATIVE,0.0140399932861328,Feature Request / General,0,32,False,en,Please Goto Play-store or App-store Search for BoA Mobile Banking App And Click on Update app When i open app it says the above but it hasn't update option on play store.
538,excellent,5,2024-02-08,Bank of Abyssinia,POSITIVE,0.9998434782028198,Feature Request / General,0,1,True,en,excellent
539,Good,3,2024-02-08,Bank of Abyssinia,POSITIVE,0.999816119670868,Feature Request / General,0,1,True,en,Good
540,"The worst banking app ever, it doesn't work at all. It this bank has a management staff ? You guys are losing so many customers because of this issue including me, the problem starts when you update the system. You better work on it.",1,2024-02-08,Bank of Abyssinia,NEGATIVE,0.0002036690711975,Customer Support,0,44,False,en,"The worst banking app ever, it doesn't work at all. It this bank has a management staff ? You guys are losing so many customers because of this issue including me, the problem starts when you update the system. You better work on it."
541,"very slow app we can't get on time likely so, please solve the problems",1,2024-02-08,Bank of Abyssinia,NEGATIVE,0.0011088252067565,Transaction Performance,1,14,False,en,"very slow app we can't get on time likely so, please solve the problems"
542,Update,1,2024-02-08,Bank of Abyssinia,POSITIVE,0.9908272624015808,Feature Request / General,0,1,True,en,Update
543,Good work,5,2024-02-07,Bank of Abyssinia,POSITIVE,0.999841332435608,Feature Request / General,0,2,True,en,Good work
544,"The only bank moving backwards, worst apps worst service I am definitely changing banks cbe is getting way better than you imagine cbe 🤯🤯",1,2024-02-07,Bank of Abyssinia,NEGATIVE,0.0007088184356689,Customer Support,0,24,False,en,"The only bank moving backwards, worst apps worst service I am definitely changing banks cbe is getting way better than you imagine cbe 🤯🤯"
545,Please,5,2024-02-07,Bank of Abyssinia,POSITIVE,0.9995015859603882,Feature Request / General,0,1,True,en,Please
546,Over all the app is good minor interface design is needed but over all its good. The main issue ive experienced while using the app is that it slow. Its slow on the loading page for example and also while processing.,3,2024-02-07,Bank of Abyssinia,NEGATIVE,0.0015469789505004,Transaction Performance,0,41,False,en,Over all the app is good minor interface design is needed but over all its good. The main issue ive experienced while using the app is that it slow. Its slow on the loading page for example and also while processing.
547,Low Speed Quality,1,2024-02-07,Bank of Abyssinia,NEGATIVE,0.0010142922401428,Transaction Performance,1,3,True,en,Low Speed Quality
548,Best app,5,2024-02-06,Bank of Abyssinia,POSITIVE,0.999686598777771,Feature Request / General,0,2,True,en,Best app
549,"This app is getting worse and worse, frequent stacking, and its difficult for updating due to confusion with other apps make it unreliable and frustrating to use. These issues are crucial for potential users to consider before relying on the app for their needs so the bank needs to solve this issue.",1,2024-02-05,Bank of Abyssinia,NEGATIVE,0.0004773139953613,Feature Request / General,0,52,False,en,"This app is getting worse and worse, frequent stacking, and its difficult for updating due to confusion with other apps make it unreliable and frustrating to use. These issues are crucial for potential users to consider before relying on the app for their needs so the bank needs to solve this issue."
550,"If zero stars rating was possible, this app deserves it. The worst mobile banking app I've ever used.",1,2024-02-04,Bank of Abyssinia,NEGATIVE,0.0002692341804504,Feature Request / General,0,18,False,en,"If zero stars rating was possible, this app deserves it. The worst mobile banking app I've ever used."
551,Easy and fast app tnx for all,5,2024-02-04,Bank of Abyssinia,POSITIVE,0.9874273538589478,UI & Design,0,7,False,en,Easy and fast app tnx for all
552,The App has basically locked itself and won't let me login before I update the app meanwhile there is no update available in the app store ... make it make sense ...,2,2024-02-04,Bank of Abyssinia,NEGATIVE,0.003134548664093,Account Access,1,32,False,en,The App has basically locked itself and won't let me login before I update the app meanwhile there is no update available in the app store ... make it make sense ...
553,The worest app that i ever face,1,2024-02-03,Bank of Abyssinia,POSITIVE,0.986221194267273,Feature Request / General,0,7,False,en,The worest app that i ever face
554,በጣም አሰልች ችግር የማያጣው አፐ,1,2024-02-03,Bank of Abyssinia,NEGATIVE,-0.6282,Feature Request / General,0,5,False,am,A very boring problem that does not miss
555,Wow,5,2024-02-03,Bank of Abyssinia,POSITIVE,0.999592125415802,Feature Request / General,0,1,True,en,Wow
556,It's continue to disturbing me and it's not working as it's expected guys do something,1,2024-02-03,Bank of Abyssinia,NEGATIVE,0.0003578662872314,Feature Request / General,0,15,False,en,It's continue to disturbing me and it's not working as it's expected guys do something
557,I couldn't update the app,3,2024-02-02,Bank of Abyssinia,NEGATIVE,0.00187748670578,Feature Request / General,0,5,False,en,I couldn't update the app
558,This App is Super Lazy. Didn't expect from BOA.,1,2024-02-02,Bank of Abyssinia,NEGATIVE,0.0010466575622558,Feature Request / General,0,9,False,en,This App is Super Lazy. Didn't expect from BOA.
559,The worest app ever Please update it,1,2024-01-31,Bank of Abyssinia,POSITIVE,0.9276593327522278,Feature Request / General,0,7,False,en,The worest app ever Please update it
560,We don't expect such app from this giant corp,1,2024-01-24,Bank of Abyssinia,NEGATIVE,0.0546203255653381,Feature Request / General,0,9,False,en,We don't expect such app from this giant corp
561,ሲፈልግ የሚሠራ App ነው ሲደብረው አይሰራም በጣም ነው የሚያስጠላው እኔ ይሄንን App አምኜ Cash ሳልይዝ አልንቀሳቀስም,1,2024-01-15,Bank of Abyssinia,NEGATIVE,-0.2626,Feature Request / General,0,16,False,am,"It's an app that works when you want it, but it doesn't work when you don't. It's so disgusting. I trust this app and I won't move without carrying cash."
562,amezing,5,2024-01-13,Bank of Abyssinia,POSITIVE,0.9910010695457458,Feature Request / General,0,1,True,en,amezing
563,What about mean thise app,5,2024-01-10,Bank of Abyssinia,NEGATIVE,0.0118268132209777,Feature Request / General,0,5,False,en,What about mean thise app
564,Very good 👍,3,2024-01-10,Bank of Abyssinia,POSITIVE,0.999870777130127,Feature Request / General,0,3,True,en,Very good 👍
565,After the last upgrade the app got worst for any thing,1,2024-01-08,Bank of Abyssinia,NEGATIVE,0.0004850625991821,Feature Request / General,0,11,False,en,After the last upgrade the app got worst for any thing
566,Altemechegnm,1,2024-01-07,Bank of Abyssinia,NEGATIVE,0.0090965628623962,Feature Request / General,0,1,True,en,Altemechegnm
567,"Useless super laggy app. Would have given it zero stars if it was possible. Edit: It has managed to get even worse. Never expect this app to work when you need it. Either have cash on hand or have money on other apps as a backup. I don't know why Ethiopian banks try to compete on who has the tallest building while their basic services are completely useless. It's been years, fix this.",1,2024-01-07,Bank of Abyssinia,NEGATIVE,0.000234305858612,Transaction Performance,1,73,False,en,"Useless super laggy app. Would have given it zero stars if it was possible. Edit: It has managed to get even worse. Never expect this app to work when you need it. Either have cash on hand or have money on other apps as a backup. I don't know why Ethiopian banks try to compete on who has the tallest building while their basic services are completely useless. It's been years, fix this."
568,Not good,1,2024-01-06,Bank of Abyssinia,NEGATIVE,0.0002110600471496,Feature Request / General,0,2,True,en,Not good
569,You don't expect a big institution to tape together a badly functioning website and call it an app. That's why you see it loading... all the time,1,2024-01-05,Bank of Abyssinia,NEGATIVE,0.0007895231246948,Customer Support,0,27,False,en,You don't expect a big institution to tape together a badly functioning website and call it an app. That's why you see it loading... all the time
570,Stop upgrading the app if you're unable to served well ur customers😡😡😡,1,2024-01-05,Bank of Abyssinia,NEGATIVE,0.0013420581817626,Customer Support,0,12,False,en,Stop upgrading the app if you're unable to served well ur customers😡😡😡
571,"After i register for this app, it's not even opening... It says ""BOA HAS STOPPED"". THE WORST APP EVER CREATED. Make quick updates and fix this issue.",1,2024-01-05,Bank of Abyssinia,NEGATIVE,0.0001983046531677,Account Access,1,27,False,en,"After i register for this app, it's not even opening... It says ""BOA HAS STOPPED"". THE WORST APP EVER CREATED. Make quick updates and fix this issue."
572,"Worest app I've ever seen. It's so slow, it crushes everytime. The old version was so good",1,2024-01-05,Bank of Abyssinia,POSITIVE,0.9894585609436036,Transaction Performance,1,17,False,en,"Worest app I've ever seen. It's so slow, it crushes everytime. The old version was so good"
573,"It doesn't log in, it take too long stuck in white screen. Its annoying",1,2024-01-04,Bank of Abyssinia,NEGATIVE,0.000564157962799,Feature Request / General,0,14,False,en,"It doesn't log in, it take too long stuck in white screen. Its annoying"
574,አፕሊኬሽናችሁ በጣም አስቸገረኝ ሊሰራልኝ አልቻለም ከደምበኝነት ውጭ ልታደርጉን ነው,5,2024-01-04,Bank of Abyssinia,NEGATIVE,-0.4201,Feature Request / General,0,9,False,am,"Your application is very difficult for me, it could not work for me"
575,"If I had to rate this app on a scale of 1 to 10, I would most definitely not rate it. It's trash beyond comprehension. I'd rather go to the physical locations and handle my affairs then to open up this app. It is single handedly the worst mobile banking app I have ever used.",1,2024-01-04,Bank of Abyssinia,NEGATIVE,0.0001915097236633,Feature Request / General,0,55,False,en,"If I had to rate this app on a scale of 1 to 10, I would most definitely not rate it. It's trash beyond comprehension. I'd rather go to the physical locations and handle my affairs then to open up this app. It is single handedly the worst mobile banking app I have ever used."
576,I gave you 5* b/c the app is useless 🤧,1,2024-01-03,Bank of Abyssinia,NEGATIVE,0.00018972158432,Feature Request / General,0,10,False,en,I gave you 5* b/c the app is useless 🤧
577,Hioooii,5,2024-01-03,Bank of Abyssinia,POSITIVE,0.5859,Feature Request / General,0,1,True,om,Wow
578,Tiglu workine,5,2024-01-02,Bank of Abyssinia,POSITIVE,0.6330372095108032,Feature Request / General,0,2,True,en,Tiglu workine
579,Worst and unhelpful,1,2024-01-02,Bank of Abyssinia,NEGATIVE,0.0002699494361877,Customer Support,0,3,True,en,Worst and unhelpful
580,"I am very disappointed by the update app. Very slow app, even login it is making me hate my bank account. The app before the update works just fine. I just want to know how can I undo the update app? Pooooooooor so poor",1,2024-01-01,Bank of Abyssinia,NEGATIVE,0.0003024339675903,Account Access,1,44,False,en,"I am very disappointed by the update app. Very slow app, even login it is making me hate my bank account. The app before the update works just fine. I just want to know how can I undo the update app? Pooooooooor so poor"
581,Best,5,2024-01-01,Bank of Abyssinia,POSITIVE,0.9997941851615906,Feature Request / General,0,1,True,en,Best
582,Very worst app,1,2023-12-31,Bank of Abyssinia,NEGATIVE,0.0002043843269348,Feature Request / General,0,3,True,en,Very worst app
583,Useful,5,2023-12-31,Bank of Abyssinia,POSITIVE,0.9997634291648864,Feature Request / General,0,1,True,en,Useful
584,It's a very sluggish app. Do something about it.,1,2023-12-31,Bank of Abyssinia,NEGATIVE,0.0006017684936523,Feature Request / General,0,9,False,en,It's a very sluggish app. Do something about it.
585,"The worest application ever, total garbage, and useless.",1,2023-12-31,Bank of Abyssinia,NEGATIVE,0.0001892447471618,Feature Request / General,0,8,False,en,"The worest application ever, total garbage, and useless."
586,Yas,5,2023-12-30,Bank of Abyssinia,POSITIVE,0.8573850393295288,Feature Request / General,0,1,True,en,Yas
587,Smart app,1,2023-12-30,Bank of Abyssinia,POSITIVE,0.999789297580719,Feature Request / General,0,2,True,en,Smart app
588,"Doesn't get worse that this, I have used multiple mobile banking apps this one is by far the worst one!!! The app never seems to work and the UI is horrendous not the type you would expect from a multi billion birr company. Total disgrace 🤢",1,2023-12-30,Bank of Abyssinia,NEGATIVE,0.0002301335334777,UI & Design,0,46,False,en,"Doesn't get worse that this, I have used multiple mobile banking apps this one is by far the worst one!!! The app never seems to work and the UI is horrendous not the type you would expect from a multi billion birr company. Total disgrace 🤢"
589,"Compared to others, this one is very poor!",1,2023-12-29,Bank of Abyssinia,NEGATIVE,0.0001901984214782,Feature Request / General,0,8,False,en,"Compared to others, this one is very poor!"
590,This is the most terrible mobile banking app I have ever used. I don't even know how horrible I felt just after the moment I started using it. The developers have to do something ASAP! This app doesn't match the service of the bank. I have un-installed it immediately and will check back if there will be any updates in the future.,1,2023-12-29,Bank of Abyssinia,NEGATIVE,0.0004507899284362,Customer Support,0,62,False,en,This is the most terrible mobile banking app I have ever used. I don't even know how horrible I felt just after the moment I started using it. The developers have to do something ASAP! This app doesn't match the service of the bank. I have un-installed it immediately and will check back if there will be any updates in the future.
591,7 is ci,4,2023-12-29,Bank of Abyssinia,POSITIVE,0.9426130652427672,Feature Request / General,0,3,True,en,7 is ci
592,Irrelevant app,1,2023-12-28,Bank of Abyssinia,NEGATIVE,0.0002830624580383,Feature Request / General,0,2,True,en,Irrelevant app
593,"Horrible horrendous app.... Network doesn't work I can't access my money. Transfer doesn't work, ATM code won't generate... Terrible Interface.",1,2023-12-27,Bank of Abyssinia,NEGATIVE,0.0002927184104919,Account Access,1,20,False,en,"Horrible horrendous app.... Network doesn't work I can't access my money. Transfer doesn't work, ATM code won't generate... Terrible Interface."
594,I have log yera customers served in bank of abbysinia,5,2023-12-27,Bank of Abyssinia,NEGATIVE,0.0068755745887756,Customer Support,0,10,False,en,I have log yera customers served in bank of abbysinia
595,Good,5,2023-12-27,Bank of Abyssinia,POSITIVE,0.999816119670868,Feature Request / General,0,1,True,en,Good
596,"this is stupid App, but i like Abyssinia bank!!!",1,2023-12-26,Bank of Abyssinia,NEGATIVE,0.0186649560928344,Feature Request / General,0,9,False,en,"this is stupid App, but i like Abyssinia bank!!!"
597,Good,3,2023-12-26,Bank of Abyssinia,POSITIVE,0.999816119670868,Feature Request / General,0,1,True,en,Good
598,ይፍፍዮይይዮግይትይ,5,2023-12-25,Bank of Abyssinia,NEUTRAL,0.0,Feature Request / General,0,1,True,am,Yiffyyyyogityy
599,Nic bank,5,2023-12-25,Bank of Abyssinia,POSITIVE,0.9264346361160278,Feature Request / General,0,2,True,en,Nic bank
600,We're,5,2023-12-24,Bank of Abyssinia,POSITIVE,0.999648094177246,Feature Request / General,0,1,True,en,We're
601,"Use less , slow and i can't even get access to my own account now...",1,2023-12-24,Bank of Abyssinia,NEGATIVE,0.0006360411643981,Account Access,1,15,False,en,"Use less , slow and i can't even get access to my own account now..."
602,good,5,2023-12-23,Bank of Abyssinia,POSITIVE,0.999816119670868,Feature Request / General,0,1,True,en,good
603,Best,5,2023-12-22,Bank of Abyssinia,POSITIVE,0.9997941851615906,Feature Request / General,0,1,True,en,Best
604,Azzzzig app,1,2023-12-21,Bank of Abyssinia,NEGATIVE,0.0170406103134155,Feature Request / General,0,2,True,en,Azzzzig app
605,Great Bank with worst mobile app,1,2023-12-21,Bank of Abyssinia,NEGATIVE,0.0002577900886535,Feature Request / General,0,6,False,en,Great Bank with worst mobile app
606,I can't log in it's the laziest app I had ever have in Internet banking,1,2023-12-21,Bank of Abyssinia,NEGATIVE,0.0009243488311767,Feature Request / General,0,15,False,en,I can't log in it's the laziest app I had ever have in Internet banking
607,It's so weak and bore. Oh I'm tired to open this app,1,2023-12-21,Bank of Abyssinia,NEGATIVE,0.0003954768180847,Feature Request / General,0,12,False,en,It's so weak and bore. Oh I'm tired to open this app
608,Slow,3,2023-12-21,Bank of Abyssinia,NEGATIVE,0.0002686381340026,Transaction Performance,0,1,True,en,Slow
609,በጣም ደካማ ነው,1,2023-12-20,Bank of Abyssinia,NEGATIVE,-0.4927,Feature Request / General,0,3,True,am,It is very weak
610,The worst mobile banking app I have ever seen. Every time I get upset when I use this app... now it doesn't even respond.,1,2023-12-18,Bank of Abyssinia,NEGATIVE,0.0002067685127258,Feature Request / General,0,24,False,en,The worst mobile banking app I have ever seen. Every time I get upset when I use this app... now it doesn't even respond.
611,great,5,2023-12-14,Bank of Abyssinia,POSITIVE,0.9998630285263062,Feature Request / General,0,1,True,en,great
612,The worst mobile banking app ever in all its aspect and that's all i can say.,1,2023-12-14,Bank of Abyssinia,NEGATIVE,0.0002011656761169,Feature Request / General,0,16,False,en,The worst mobile banking app ever in all its aspect and that's all i can say.
613,Very Bad and terrible App.... It takes ages to open/ login,1,2023-12-14,Bank of Abyssinia,NEGATIVE,0.0002114176750183,Account Access,1,11,False,en,Very Bad and terrible App.... It takes ages to open/ login
614,0 Star . THIS IS THE WORST APP I HAVE EVER SEEN. I HAVE TASTED AND USED LOTS OFF APPS ESPECIALLY BANKING APPS. BUT THIS APP IS THE WORST. WHY DONT YOU MAKE A REAL APP. YOU JUST USED YOUR ONLINE BANKING IN THE APP. DO BETTER,1,2023-12-13,Bank of Abyssinia,NEGATIVE,0.0003678798675537,Feature Request / General,0,47,False,en,0 Star . THIS IS THE WORST APP I HAVE EVER SEEN. I HAVE TASTED AND USED LOTS OFF APPS ESPECIALLY BANKING APPS. BUT THIS APP IS THE WORST. WHY DONT YOU MAKE A REAL APP. YOU JUST USED YOUR ONLINE BANKING IN THE APP. DO BETTER
615,The app sometimes do not open at all With repeated logins trials,2,2023-12-13,Bank of Abyssinia,NEGATIVE,0.0004330277442932,Account Access,1,12,False,en,The app sometimes do not open at all With repeated logins trials
616,Cool,3,2023-12-13,Bank of Abyssinia,POSITIVE,0.9998509883880616,Feature Request / General,0,1,True,en,Cool
617,"Want to access your bank account while simultaneously playing a shell game trying to pick the shell that DOESN'T have a cobra under it? Look no further than the BoA mobile app! 2/3 of the time you try to access your account, you'll be bitten! Hope you weren't trying to pay for antivenom! Probably the worst banking app I have ever used. System is constantly updating, app freezes more often than it works, and it is always very slow. Yet another indication of BoA falling behind the other banks.",1,2023-12-13,Bank of Abyssinia,NEGATIVE,0.0003671646118164,Account Access,1,89,False,en,"Want to access your bank account while simultaneously playing a shell game trying to pick the shell that DOESN'T have a cobra under it? Look no further than the BoA mobile app! 2/3 of the time you try to access your account, you'll be bitten! Hope you weren't trying to pay for antivenom! Probably the worst banking app I have ever used. System is constantly updating, app freezes more often than it works, and it is always very slow. Yet another indication of BoA falling behind the other banks."
618,Good,4,2023-12-13,Bank of Abyssinia,POSITIVE,0.999816119670868,Feature Request / General,0,1,True,en,Good
619,Beautiful offline mode applications is excellent services for viewers and I love you,5,2023-12-12,Bank of Abyssinia,POSITIVE,0.9998624324798584,UI & Design,0,13,False,en,Beautiful offline mode applications is excellent services for viewers and I love you
620,The app does not launch. It shows a white screen.,1,2023-12-11,Bank of Abyssinia,NEGATIVE,0.0006653666496276,Feature Request / General,0,10,False,en,The app does not launch. It shows a white screen.
621,so happy with it BOA wonderful that'sGoood,5,2023-12-11,Bank of Abyssinia,POSITIVE,0.9998807907104492,Feature Request / General,0,7,False,en,so happy with it BOA wonderful that'sGoood
622,"The doesn't work on weak phones, this not good",1,2023-12-11,Bank of Abyssinia,NEGATIVE,0.0034933686256408,Feature Request / General,0,9,False,en,"The doesn't work on weak phones, this not good"
623,My frist choice #BEKUR bank of Ethiopians,5,2023-12-10,Bank of Abyssinia,NEGATIVE,0.2462617754936218,Feature Request / General,0,7,False,en,My frist choice #BEKUR bank of Ethiopians
624,Amazing,5,2023-12-09,Bank of Abyssinia,POSITIVE,0.999875545501709,Feature Request / General,0,1,True,en,Amazing
625,እረ ይደብራል ይሄ አፕ ዘገምተኛ ነዉ ካለ 4ግ አይሰራም በዛ ላይ ምንም አያምርም ቀላል አርጉት ቴሌብር እና ንግድ ባንክ ተመልከቱ,2,2023-12-08,Bank of Abyssinia,NEGATIVE,-0.3412,Transaction Performance,1,20,False,am,"If this app says it's slow, it doesn't work on 4G, it's not good at all. Look at Telebr and Commercial Bank."
626,Fantastic,4,2023-12-08,Bank of Abyssinia,POSITIVE,0.9998743534088136,Feature Request / General,0,1,True,en,Fantastic
627,በርተ በጣም ጥሩ ነው,4,2023-12-07,Bank of Abyssinia,POSITIVE,0.4927,Feature Request / General,0,4,False,am,It's very good
628,i like it,5,2023-12-07,Bank of Abyssinia,POSITIVE,0.99985933303833,Feature Request / General,0,3,True,en,i like it
629,Great,5,2023-12-06,Bank of Abyssinia,POSITIVE,0.9998630285263062,Feature Request / General,0,1,True,en,Great
630,Each second ask biometric verification and load in blank,1,2023-12-06,Bank of Abyssinia,NEGATIVE,0.0002400279045104,Feature Request / General,0,9,False,en,Each second ask biometric verification and load in blank
631,It is so sluggish.,1,2023-12-06,Bank of Abyssinia,NEGATIVE,0.0002062916755676,Feature Request / General,0,4,False,en,It is so sluggish.
632,Nice work Abissinya,5,2023-12-06,Bank of Abyssinia,POSITIVE,0.4215,Feature Request / General,0,3,True,om,Nice work finished
633,Too slow,2,2023-12-05,Bank of Abyssinia,NEGATIVE,0.0004994869232177,Transaction Performance,1,2,True,en,Too slow
634,So slow..the most worest mobile banking app ever,1,2023-12-05,Bank of Abyssinia,NEGATIVE,0.0043116211891174,Transaction Performance,1,8,False,en,So slow..the most worest mobile banking app ever
635,I can't use the app it crash every time,1,2023-12-05,Bank of Abyssinia,NEGATIVE,0.0130707025527954,Feature Request / General,0,9,False,en,I can't use the app it crash every time
636,"It has become a worst, old one was better. I gave it one star because there is no below rating.",1,2023-12-05,Bank of Abyssinia,NEGATIVE,0.000312328338623,Feature Request / General,0,20,False,en,"It has become a worst, old one was better. I gave it one star because there is no below rating."
637,"The first app was fast, it asked me to update, but when I updated it, it was very slow and unresponsive This is the worst banking app in Ethiopia.",1,2023-12-05,Bank of Abyssinia,NEGATIVE,0.0001994967460632,Transaction Performance,1,29,False,en,"The first app was fast, it asked me to update, but when I updated it, it was very slow and unresponsive This is the worst banking app in Ethiopia."
638,It doesn't work at all!!!,1,2023-12-05,Bank of Abyssinia,NEGATIVE,0.0002298951148986,Feature Request / General,0,5,False,en,It doesn't work at all!!!
639,I like thos app,5,2023-12-05,Bank of Abyssinia,POSITIVE,0.9979230761528016,Feature Request / General,0,4,False,en,I like thos app
640,Tadele,5,2023-12-04,Bank of Abyssinia,NEGATIVE,0.1277514696121215,Feature Request / General,0,1,True,en,Tadele
641,Ok,5,2023-12-04,Bank of Abyssinia,POSITIVE,0.9997851252555848,Feature Request / General,0,1,True,en,Ok
642,Ok,5,2023-12-04,Bank of Abyssinia,POSITIVE,0.9997851252555848,Feature Request / General,0,1,True,en,Ok
643,Terrible application lagging the whole time,1,2023-12-04,Bank of Abyssinia,NEGATIVE,0.0002068877220153,Feature Request / General,0,6,False,en,Terrible application lagging the whole time
644,Ugly,1,2023-12-04,Bank of Abyssinia,NEGATIVE,0.0002050995826721,Feature Request / General,0,1,True,en,Ugly
645,"I want to make transections and often times it's not working. The app is loading for so long that I receive a notification that the session is about to expire. I really wonder how other people are able to use this app. More then half of the time it's not working. Would love to know the trick and for the company that developed this app, please do your homework and improve it ASAP.",1,2023-12-04,Bank of Abyssinia,NEGATIVE,0.0033995509147644,Feature Request / General,0,73,False,en,"I want to make transections and often times it's not working. The app is loading for so long that I receive a notification that the session is about to expire. I really wonder how other people are able to use this app. More then half of the time it's not working. Would love to know the trick and for the company that developed this app, please do your homework and improve it ASAP."
646,I can't even login please update it...i love BOA services except this,2,2023-12-04,Bank of Abyssinia,POSITIVE,0.8165879845619202,Account Access,1,12,False,en,I can't even login please update it...i love BOA services except this
647,Please update the app it's very complicated than other banks most of time it doesn't work at all,1,2023-12-04,Bank of Abyssinia,NEGATIVE,0.0255783200263977,Feature Request / General,0,18,False,en,Please update the app it's very complicated than other banks most of time it doesn't work at all
648,"Please this version needs an update, I'm having the worst experiences 👎👎👎",1,2023-12-04,Bank of Abyssinia,NEGATIVE,0.0002129673957824,Feature Request / General,0,12,False,en,"Please this version needs an update, I'm having the worst experiences 👎👎👎"
649,5 sitar,5,2023-12-03,Bank of Abyssinia,POSITIVE,0.9964752793312072,Feature Request / General,0,2,True,en,5 sitar
650,"Worst, whyy, i moving to telebirr",1,2023-12-03,Bank of Abyssinia,NEGATIVE,0.0002691149711608,Feature Request / General,0,6,False,en,"Worst, whyy, i moving to telebirr"
651,The worst update everr it gets stuckkkkkkkkk always it suckssss forr the old one was goodddd,1,2023-12-03,Bank of Abyssinia,NEGATIVE,0.0006497502326965,Feature Request / General,0,16,False,en,The worst update everr it gets stuckkkkkkkkk always it suckssss forr the old one was goodddd
652,Semit,5,2023-12-02,Bank of Abyssinia,NEUTRAL,0.0,Feature Request / General,0,1,True,om,Semitic
653,Bad for android .,1,2023-12-02,Bank of Abyssinia,NEGATIVE,0.0002587437629699,Feature Request / General,0,4,False,en,Bad for android .
654,Boa mobile app is very slow no word slow what,1,2023-12-01,Bank of Abyssinia,NEGATIVE,0.0032317638397216,Transaction Performance,1,10,False,en,Boa mobile app is very slow no word slow what
655,Its worest app i have ever seen,1,2023-12-01,Bank of Abyssinia,POSITIVE,0.9330229759216307,Feature Request / General,0,7,False,en,Its worest app i have ever seen
656,በጣም አሰልቺና ለአጠቃቀም የማይመች መተግበሪያ ነው። ማሻሻልና ማስተካከል ይኖርባችኋል።,1,2023-11-30,Bank of Abyssinia,POSITIVE,0.079,Feature Request / General,0,9,False,am,It's a very boring and unusable app. You will have to improve and adjust.
657,Speed,1,2023-11-29,Bank of Abyssinia,POSITIVE,0.9994010925292968,Transaction Performance,1,1,True,en,Speed
658,"The new App can not run on my phone. After installing , it stacked on white screen. Even the bank staffs can't give me support .",1,2023-11-28,Bank of Abyssinia,NEGATIVE,0.0010100007057189,Customer Support,0,26,False,en,"The new App can not run on my phone. After installing , it stacked on white screen. Even the bank staffs can't give me support ."
659,"Still Useless and outdated app! ,please upgrade your app even it can't open the login interface",1,2023-11-28,Bank of Abyssinia,NEGATIVE,0.0002471804618835,Account Access,1,16,False,en,"Still Useless and outdated app! ,please upgrade your app even it can't open the login interface"
660,Useless app,1,2023-11-27,Bank of Abyssinia,NEGATIVE,0.000220239162445,Feature Request / General,0,2,True,en,Useless app
661,Wow,5,2023-11-26,Bank of Abyssinia,POSITIVE,0.999592125415802,Feature Request / General,0,1,True,en,Wow
662,A very bad and unfriendly app!,1,2023-11-26,Bank of Abyssinia,NEGATIVE,0.0003155469894409,Feature Request / General,0,6,False,en,A very bad and unfriendly app!
663,Best,4,2023-11-26,Bank of Abyssinia,POSITIVE,0.9997941851615906,Feature Request / General,0,1,True,en,Best
664,Update it,1,2023-11-26,Bank of Abyssinia,POSITIVE,0.9906445741653442,Feature Request / General,0,2,True,en,Update it
665,Very good,5,2023-11-25,Bank of Abyssinia,POSITIVE,0.9998520612716676,Feature Request / General,0,2,True,en,Very good
666,After i put my pin to login the app will show me a gimps of the homepage then go back to asking me to insert the pin again. I even thought it was a phishing app. Disapointed,1,2023-11-25,Bank of Abyssinia,NEGATIVE,0.0012746453285217,Account Access,1,37,False,en,After i put my pin to login the app will show me a gimps of the homepage then go back to asking me to insert the pin again. I even thought it was a phishing app. Disapointed
667,The worst app ever,1,2023-11-24,Bank of Abyssinia,NEGATIVE,0.0002065300941467,Feature Request / General,0,4,False,en,The worst app ever
668,The most annoying mobile banking application ever.,1,2023-11-24,Bank of Abyssinia,NEGATIVE,0.0003490447998046,Feature Request / General,0,7,False,en,The most annoying mobile banking application ever.
669,"2023 ላይ ሆኖ በዚህ ደረጃ ላይ መገኘት በጣም ያስተዛዝባል ገንዘብ ማስተላለፍ በዚህ App በጣም ከባድ ሆኗል እንዲስተካከል ስደውል ቅርንጫፍ ሂድ ነው የሚሉት, ችግሩ እኔ ጋር ብቻ ቢሆን ቅርንጫፍ መሄዱ ትርጉም ይኖረው ነበር ነገር ግን በአቅራቢያዬ ያሉ ተጠቃሚዎች ጋርም ተመሳሳይ ችግር አለ, ስራ ላይ Effect ማምጣት ጀምሯል እናም የማይስተካከል ከሆነ ቅርንጫፍ የምመጣው ለማስተካከል ሳይሆን ገንዘቡን በሙሉ አውጥቼ ባንክ ቡኩን ልዘጋ ነው። በተፈለገው ጊዜ አገልግለሎታችሁን የማናገኝ ከሆነ ጥቅማችሁ ምንድን ነው ?",1,2023-11-24,Bank of Abyssinia,NEGATIVE,-0.8221,Transaction Performance,1,69,False,am,"Being at this level in 2023 is very disturbing. Transferring money with this app has become very difficult. When I call to fix it, they say go to the branch. The problem is that it would have made sense to go to the branch if it was only for me, but there is the same problem with users near me. What's the point if we don't get your service when needed?"
670,It is terribleit doesnt even deserve 1 star.i liked the old version.it was fast and reliable.now I can use the app 99 percent of time because it doesn't load or it takes ages to load.please do better.,1,2023-11-23,Bank of Abyssinia,NEGATIVE,0.0219269394874572,Feature Request / General,0,37,False,en,It is terribleit doesnt even deserve 1 star.i liked the old version.it was fast and reliable.now I can use the app 99 percent of time because it doesn't load or it takes ages to load.please do better.
671,The worst app ever,1,2023-11-23,Bank of Abyssinia,NEGATIVE,0.0002065300941467,Feature Request / General,0,4,False,en,The worst app ever
672,It's the sowest application i ever seen,1,2023-11-23,Bank of Abyssinia,POSITIVE,0.9733132123947144,Feature Request / General,0,7,False,en,It's the sowest application i ever seen
673,Too late,1,2023-11-22,Bank of Abyssinia,NEGATIVE,0.0016021132469177,Feature Request / General,0,2,True,en,Too late
674,Last update completely broke it. There's no option to login and I needed money. How the hell did this make it to production? Edit: 10 months later and app ks still garbage,1,2023-11-22,Bank of Abyssinia,NEGATIVE,0.0005646347999572,Account Access,1,32,False,en,Last update completely broke it. There's no option to login and I needed money. How the hell did this make it to production? Edit: 10 months later and app ks still garbage
675,Restart,5,2023-11-21,Bank of Abyssinia,POSITIVE,0.985398530960083,Feature Request / General,0,1,True,en,Restart
676,0 stage,1,2023-11-21,Bank of Abyssinia,POSITIVE,0.5696876049041748,Feature Request / General,0,2,True,en,0 stage
677,Is the Woret mobile banking app relatively from another mobile banks apps.,1,2023-11-20,Bank of Abyssinia,NEGATIVE,0.0022867918014526,Feature Request / General,0,12,False,en,Is the Woret mobile banking app relatively from another mobile banks apps.
678,Betam metr app nw bezu des yemilu feature alw ena user friendly nw 5 star besetew des yilegnal gn betam stack yaregal metekemw Samsung m13 nw so cegeru selke gar aydelem wifi nw metekemewum so data garim aydelem cegeru update setaregut fetnetun betaam mecemer alebacihu. And gize aschekuay guday agatmogn alkeft belo and seat nw yaskomegn. Appu arif hono gn fetnet ga ceger alw betam. This is what I have experienced personally hopefully you will make more it better on the next update.,4,2023-11-20,Bank of Abyssinia,NEGATIVE,0.0023497939109802,Feature Request / General,0,83,False,en,Betam metr app nw bezu des yemilu feature alw ena user friendly nw 5 star besetew des yilegnal gn betam stack yaregal metekemw Samsung m13 nw so cegeru selke gar aydelem wifi nw metekemewum so data garim aydelem cegeru update setaregut fetnetun betaam mecemer alebacihu. And gize aschekuay guday agatmogn alkeft belo and seat nw yaskomegn. Appu arif hono gn fetnet ga ceger alw betam. This is what I have experienced personally hopefully you will make more it better on the next update.
679,It doesn't work,5,2023-11-20,Bank of Abyssinia,NEGATIVE,0.0002186894416809,Feature Request / General,0,3,True,en,It doesn't work
680,Nice app,5,2023-11-19,Bank of Abyssinia,POSITIVE,0.9998061060905457,Feature Request / General,0,2,True,en,Nice app
681,"Consistently logs me out, need to attempt 5 times to login successfully, can't transfer money because there's some cryptic error in the application, I don't know what error code -1 means!! Please please resolve your issues, or even build a brand new app, would be better.",1,2023-11-18,Bank of Abyssinia,NEGATIVE,0.0346803069114685,Account Access,1,46,False,en,"Consistently logs me out, need to attempt 5 times to login successfully, can't transfer money because there's some cryptic error in the application, I don't know what error code -1 means!! Please please resolve your issues, or even build a brand new app, would be better."
682,Worst app of the century,1,2023-11-18,Bank of Abyssinia,NEGATIVE,0.0002040266990661,Feature Request / General,0,5,False,en,Worst app of the century
683,it is the worst mobile banking app,1,2023-11-18,Bank of Abyssinia,NEGATIVE,0.0002015233039855,Feature Request / General,0,7,False,en,it is the worst mobile banking app
684,strog,3,2023-11-18,Bank of Abyssinia,NEUTRAL,0.0,Feature Request / General,0,1,True,om,strict
685,After i get verfication it become white screen and close the app which is dirty not workiing at all,1,2023-11-16,Bank of Abyssinia,NEGATIVE,0.0018455386161804,Feature Request / General,0,19,False,en,After i get verfication it become white screen and close the app which is dirty not workiing at all
686,It went all the steps well but couldn't set new password. Because it says previous password is incorrect but I just logged in to the previous mobile banking app using same password.,1,2023-11-16,Bank of Abyssinia,NEGATIVE,0.0018562078475952,Account Access,1,32,False,en,It went all the steps well but couldn't set new password. Because it says previous password is incorrect but I just logged in to the previous mobile banking app using same password.
687,"I regreat for killing my time to register for this service, you don't even respond to this hundred comments .",1,2023-11-15,Bank of Abyssinia,NEGATIVE,0.0004318356513977,Account Access,1,20,False,en,"I regreat for killing my time to register for this service, you don't even respond to this hundred comments ."
688,The application is not working the app is just Black I can't see anything,1,2023-11-14,Bank of Abyssinia,NEGATIVE,0.0002399086952209,Feature Request / General,0,14,False,en,The application is not working the app is just Black I can't see anything
689,It takes really long time to log in unlike any other apps like telebirr or Amole. Please solve this issue or we're forced to put our money on other banks,1,2023-11-13,Bank of Abyssinia,NEGATIVE,0.0007579326629638,Transaction Performance,1,30,False,en,It takes really long time to log in unlike any other apps like telebirr or Amole. Please solve this issue or we're forced to put our money on other banks
690,It lags very very much . I want to u use BOA but because of its malfunction i had lost many bussiness,1,2023-11-12,Bank of Abyssinia,NEGATIVE,0.0002616047859191,Feature Request / General,0,22,False,en,It lags very very much . I want to u use BOA but because of its malfunction i had lost many bussiness
691,Are you guys okay? Since 18 March till today I couldn't get access my online account. Update እናድርግ ብላቹ outdated ሆነባችሁ መሰለኝ Shame on you. This is a sign of incompetency and let your clients to see other alternatives 😬,1,2023-11-11,Bank of Abyssinia,NEGATIVE,-0.7845,Feature Request / General,0,40,False,am,Are you guys okay? Since 18 March till today I could not access my online account. Let's update. I think you are outdated. Shame on you. This is a sign of incompetence and let your clients see other alternatives 😬
692,Gayes Data betam yefelegal,1,2023-11-11,Bank of Abyssinia,NEGATIVE,0.0117150545120239,Feature Request / General,0,4,False,en,Gayes Data betam yefelegal
693,Great,5,2023-11-11,Bank of Abyssinia,POSITIVE,0.9998630285263062,Feature Request / General,0,1,True,en,Great
694,The new update doesn't work at all. At least the previous one worked sometimes. Didn't work all the time but it was much better. I can see that you worked on aesthetic improvements which is fine but functionality should come first.,1,2023-11-10,Bank of Abyssinia,POSITIVE,0.997526466846466,Feature Request / General,0,41,False,en,The new update doesn't work at all. At least the previous one worked sometimes. Didn't work all the time but it was much better. I can see that you worked on aesthetic improvements which is fine but functionality should come first.
695,Itd.not that good,1,2023-11-10,Bank of Abyssinia,NEGATIVE,0.0002010464668273,Feature Request / General,0,3,True,en,Itd.not that good
696,ምን አይነት አዚግ አፕ ነው? አታስተካክሉትም እንዴ?,1,2023-11-09,Bank of Abyssinia,NEUTRAL,0.0,Feature Request / General,0,7,False,am,"What kind of app is it? You won't fix it, will you?"
697,For the love of God tinish techenkachu siru. Yegibir yiwta endetesera yastawikal. Kesemachu Simu Kalone Andegnayen Wesgne Oromia bank bihed ena bidenakor yishalegnal,1,2023-11-08,Bank of Abyssinia,NEGATIVE,0.0145923495292663,Feature Request / General,0,23,False,en,For the love of God tinish techenkachu siru. Yegibir yiwta endetesera yastawikal. Kesemachu Simu Kalone Andegnayen Wesgne Oromia bank bihed ena bidenakor yishalegnal
698,"Anything doesn't work on the app, I can't even log in. Please it has been a long since the app stopped working completely fix the whole app .",1,2023-11-08,Bank of Abyssinia,NEGATIVE,0.0010536313056945,Feature Request / General,0,28,False,en,"Anything doesn't work on the app, I can't even log in. Please it has been a long since the app stopped working completely fix the whole app ."
699,It's good,5,2023-11-08,Bank of Abyssinia,POSITIVE,0.9998360872268676,Feature Request / General,0,2,True,en,It's good
700,Worst app. Please work on it.,1,2023-11-08,Bank of Abyssinia,NEGATIVE,0.0002147555351257,Feature Request / General,0,6,False,en,Worst app. Please work on it.
701,👍👍👍👍👍👍,3,2023-11-07,Bank of Abyssinia,NEGATIVE,0.3029435276985168,Feature Request / General,0,1,True,en,👍👍👍👍👍👍
702,Wasteeee🤐🤐,1,2023-11-06,Bank of Abyssinia,NEGATIVE,0.3029435276985168,Feature Request / General,0,1,True,en,Wasteeee🤐🤐
703,What a shame app😐,1,2023-11-06,Bank of Abyssinia,NEGATIVE,0.0002947449684143,Feature Request / General,0,4,False,en,What a shame app😐
704,Lacks efficiency doesn't open as fast as cbe mobile banking app.,3,2023-11-06,Bank of Abyssinia,NEGATIVE,0.0002911686897277,Feature Request / General,0,11,False,en,Lacks efficiency doesn't open as fast as cbe mobile banking app.
705,Worst app ever made me give up on the account,1,2023-11-06,Bank of Abyssinia,NEGATIVE,0.0002040266990661,Account Access,1,10,False,en,Worst app ever made me give up on the account
706,"Worst bank app ever. the review should be less than 0, it crashes and won't open. Take it down from play store",1,2023-11-06,Bank of Abyssinia,NEGATIVE,0.0002073645591735,Feature Request / General,0,22,False,en,"Worst bank app ever. the review should be less than 0, it crashes and won't open. Take it down from play store"
707,The app is getting worst when i update it. Now i am facing trouble to login so i having difficulty on my transaction specially on the weekends. Please try to solve that immediately.,1,2023-11-05,Bank of Abyssinia,NEGATIVE,0.0003960728645324,Account Access,1,33,False,en,The app is getting worst when i update it. Now i am facing trouble to login so i having difficulty on my transaction specially on the weekends. Please try to solve that immediately.
708,It's easily crushing after a couple of times use.,1,2023-11-05,Bank of Abyssinia,NEGATIVE,0.0053170323371887,Feature Request / General,0,9,False,en,It's easily crushing after a couple of times use.
709,It's bad application,1,2023-11-04,Bank of Abyssinia,NEGATIVE,0.0002045035362243,Feature Request / General,0,3,True,en,It's bad application
710,Doesn't login,1,2023-11-04,Bank of Abyssinia,NEGATIVE,0.1241201162338256,Account Access,1,2,True,en,Doesn't login
711,Worst app ever,1,2023-11-04,Bank of Abyssinia,NEGATIVE,0.0002196431159973,Feature Request / General,0,3,True,en,Worst app ever
712,Takes so much time,1,2023-11-04,Bank of Abyssinia,NEGATIVE,0.0067684650421142,Feature Request / General,0,4,False,en,Takes so much time
713,Thank you for this app,5,2023-11-03,Bank of Abyssinia,POSITIVE,0.9998204112052916,Feature Request / General,0,5,False,en,Thank you for this app
714,Is not wark at this time why,1,2023-11-03,Bank of Abyssinia,POSITIVE,0.9851348996162416,Feature Request / General,0,7,False,en,Is not wark at this time why
715,"Why you guys make something on the application, how could you do not solve the issues for this whole time. The app was very good and responsive before the new update, but right now, I can't tell you how much it's annoying. I don't know why the executives keep silent. Please try to fix the bugs or make something different, don't push away the customer to migrate to other banks to find convenient. Thank you!",1,2023-11-03,Bank of Abyssinia,NEGATIVE,0.0437491536140441,Customer Support,0,75,False,en,"Why you guys make something on the application, how could you do not solve the issues for this whole time. The app was very good and responsive before the new update, but right now, I can't tell you how much it's annoying. I don't know why the executives keep silent. Please try to fix the bugs or make something different, don't push away the customer to migrate to other banks to find convenient. Thank you!"
716,Good,5,2023-11-03,Bank of Abyssinia,POSITIVE,0.999816119670868,Feature Request / General,0,1,True,en,Good
717,Nice app,3,2023-11-03,Bank of Abyssinia,POSITIVE,0.9998061060905457,Feature Request / General,0,2,True,en,Nice app
718,@AbesinyaBankBot,5,2023-11-03,Bank of Abyssinia,NEGATIVE,0.1202686429023742,Feature Request / General,0,1,True,en,@AbesinyaBankBot
719,Forces you to update only the update doesn't start at all. I would have given it 0 star if it was possible.,1,2023-11-02,Bank of Abyssinia,NEGATIVE,0.0056316256523132,Feature Request / General,0,22,False,en,Forces you to update only the update doesn't start at all. I would have given it 0 star if it was possible.
720,"Hello! Abyssinia. I was confused whether to rate this update 1 star or 2, but for the love I have for the bank I decided to give u 3. This update is giving me a headache. It takes much time just to login, after it log's in it will go blank most of the time. I hope you will fix this soon. Overall, I can say BOA is the best bank for me.",3,2023-11-02,Bank of Abyssinia,NEGATIVE,0.1565778255462646,Account Access,0,73,False,en,"Hello! Abyssinia. I was confused whether to rate this update 1 star or 2, but for the love I have for the bank I decided to give u 3. This update is giving me a headache. It takes much time just to login, after it log's in it will go blank most of the time. I hope you will fix this soon. Overall, I can say BOA is the best bank for me."
721,Ok but it is not work properly,5,2023-11-02,Bank of Abyssinia,NEGATIVE,0.0026262998580932,Feature Request / General,0,7,False,en,Ok but it is not work properly
722,ምን አይነት የ ሞተ ኣፕ ነው ግን,1,2023-11-02,Bank of Abyssinia,NEGATIVE,-0.6486,Feature Request / General,0,7,False,am,What a dead app
723,"The app after update is always hanging, and mostly is closing by itself",1,2023-11-02,Bank of Abyssinia,NEGATIVE,0.0032569766044616,Feature Request / General,0,13,False,en,"The app after update is always hanging, and mostly is closing by itself"
724,"What is going on with app ! It takes eternity to open, fix it please .",1,2023-11-02,Bank of Abyssinia,NEGATIVE,0.0103727579116821,Feature Request / General,0,16,False,en,"What is going on with app ! It takes eternity to open, fix it please ."
725,There is something it is no work functional,1,2023-11-02,Bank of Abyssinia,NEGATIVE,0.0006482005119323,Feature Request / General,0,8,False,en,There is something it is no work functional
726,Beste,5,2023-11-01,Bank of Abyssinia,NEUTRAL,0.0,Feature Request / General,0,1,True,om,other
727,The worst banking app. too many issues to list out. One star because I can't give it a zero.,1,2023-11-01,Bank of Abyssinia,NEGATIVE,0.0001826882362365,Feature Request / General,0,19,False,en,The worst banking app. too many issues to list out. One star because I can't give it a zero.
728,"the menus are very good, but its connectivity is very low and does not consider areas outside addis ababa whose network is slower and the app is large in size.",2,2023-10-31,Bank of Abyssinia,NEGATIVE,0.007225751876831,Transaction Performance,1,30,False,en,"the menus are very good, but its connectivity is very low and does not consider areas outside addis ababa whose network is slower and the app is large in size."
729,It is okay,5,2023-10-31,Bank of Abyssinia,POSITIVE,0.9998480081558228,Feature Request / General,0,3,True,en,It is okay
730,😪,1,2023-10-31,Bank of Abyssinia,NEGATIVE,0.3029435276985168,Feature Request / General,0,1,True,en,😪
731,The devs make absolutely horrible app it interaction is bad the Networking is poor they should terminate this app,1,2023-10-31,Bank of Abyssinia,NEGATIVE,0.0001879334449768,Feature Request / General,0,19,False,en,The devs make absolutely horrible app it interaction is bad the Networking is poor they should terminate this app
732,Good app but it's so slow 🐌...,2,2023-10-31,Bank of Abyssinia,NEGATIVE,0.0063602328300476,Transaction Performance,1,7,False,en,Good app but it's so slow 🐌...
733,The most slow and unsteady banking app....,1,2023-10-30,Bank of Abyssinia,NEGATIVE,0.0016748309135437,Transaction Performance,1,7,False,en,The most slow and unsteady banking app....
734,Best gshb jis,5,2023-10-30,Bank of Abyssinia,POSITIVE,0.9993102550506592,Feature Request / General,0,3,True,en,Best gshb jis
735,Good app,5,2023-10-30,Bank of Abyssinia,POSITIVE,0.9998493194580078,Feature Request / General,0,2,True,en,Good app
736,Not fast,2,2023-10-27,Bank of Abyssinia,NEGATIVE,0.0050209164619445,Feature Request / General,0,2,True,en,Not fast
737,I wish I could rate 0,1,2023-10-27,Bank of Abyssinia,NEGATIVE,0.0021560192108154,Feature Request / General,0,6,False,en,I wish I could rate 0
738,It stacks when you you want enter code send by phone. So that you can't open the app at all.,1,2023-10-26,Bank of Abyssinia,NEGATIVE,0.0028336644172668,Account Access,1,20,False,en,It stacks when you you want enter code send by phone. So that you can't open the app at all.
739,one of the worst mobile banking app,1,2023-10-26,Bank of Abyssinia,NEGATIVE,0.0002073645591735,Feature Request / General,0,7,False,en,one of the worst mobile banking app
740,sami,3,2023-10-26,Bank of Abyssinia,POSITIVE,0.9380475282669068,Feature Request / General,0,1,True,en,sami
741,It's good but sometimes say no able to transaction Fix that please,2,2023-10-26,Bank of Abyssinia,NEGATIVE,0.1422587037086486,Transaction Performance,1,12,False,en,It's good but sometimes say no able to transaction Fix that please
742,Glitchy useless app,1,2023-10-25,Bank of Abyssinia,NEGATIVE,0.0001980662345886,Feature Request / General,0,3,True,en,Glitchy useless app
743,This app is the worst app compared to other banking apps. It is not working properly. It needs to be improved.,1,2023-10-25,Bank of Abyssinia,NEGATIVE,0.0001863837242126,Feature Request / General,0,21,False,en,This app is the worst app compared to other banking apps. It is not working properly. It needs to be improved.
744,"The worst mobile banking to have ever existed in banking history!!!!! If I could give 0 stars, I would!!",1,2023-10-24,Bank of Abyssinia,NEGATIVE,0.0002611279487609,Feature Request / General,0,19,False,en,"The worst mobile banking to have ever existed in banking history!!!!! If I could give 0 stars, I would!!"
745,Very poor app ever,1,2023-10-23,Bank of Abyssinia,NEGATIVE,0.000212013721466,Feature Request / General,0,4,False,en,Very poor app ever
746,I give one star because there is no lesser it have to be seloved it have money problems 😒😓,1,2023-10-22,Bank of Abyssinia,NEGATIVE,0.0236124992370605,Transaction Performance,1,19,False,en,I give one star because there is no lesser it have to be seloved it have money problems 😒😓
747,Such a Shitee Mobile App. Not responsive very latent,1,2023-10-21,Bank of Abyssinia,NEGATIVE,0.0001924633979797,Feature Request / General,0,9,False,en,Such a Shitee Mobile App. Not responsive very latent
748,Worst app,1,2023-10-19,Bank of Abyssinia,NEGATIVE,0.0002136826515197,Feature Request / General,0,2,True,en,Worst app
749,Pls Abysinia the completely didn't work on huawei p30 pro black screen,1,2023-10-19,Bank of Abyssinia,NEGATIVE,0.0003864169120788,Feature Request / General,0,12,False,en,Pls Abysinia the completely didn't work on huawei p30 pro black screen
750,Wow,5,2023-10-19,Bank of Abyssinia,POSITIVE,0.999592125415802,Feature Request / General,0,1,True,en,Wow
751,It is best,5,2023-10-19,Bank of Abyssinia,POSITIVE,0.9998185038566588,Feature Request / General,0,3,True,en,It is best
752,Wooo,5,2023-10-19,Bank of Abyssinia,NEUTRAL,0.0,Feature Request / General,0,1,True,om,Whoo
753,ምንም ባንኩን የማይመጥን አፕ ነው በዛ ላይ በጣም ቀርፋፋ ከ Ussd እንኳ ምንም የማይሻል ለመጠቀም ስንገባ ቶሎ የማይገባ አዛ ሲስተም ነው,1,2023-10-19,Bank of Abyssinia,POSITIVE,0.2625,Transaction Performance,1,21,False,am,"It's an app that doesn't fit any bank, and it's very slow, even better than Ussd."
754,It is ok,5,2023-10-19,Bank of Abyssinia,POSITIVE,0.9998496770858764,Feature Request / General,0,3,True,en,It is ok
755,It's very useful Apps,5,2023-10-19,Bank of Abyssinia,POSITIVE,0.999657392501831,Feature Request / General,0,4,False,en,It's very useful Apps
756,Choose any 3 Security Questions After choosing 3 Security Questions the submit button doesn't work for me. It also needs very fast network please Update the application to work well.,1,2023-10-19,Bank of Abyssinia,NEGATIVE,0.0434944629669189,Feature Request / General,0,30,False,en,Choose any 3 Security Questions After choosing 3 Security Questions the submit button doesn't work for me. It also needs very fast network please Update the application to work well.
757,Poor at all,1,2023-10-18,Bank of Abyssinia,NEGATIVE,0.0002046227455139,Feature Request / General,0,3,True,en,Poor at all
758,"The worst mobile banking app, Can't login with mobile data or wifi. It just take up space on your phone. Pathetic",1,2023-10-18,Bank of Abyssinia,NEGATIVE,0.0002362132072448,Account Access,1,21,False,en,"The worst mobile banking app, Can't login with mobile data or wifi. It just take up space on your phone. Pathetic"
759,No working bad bad connection please improve this,1,2023-10-18,Bank of Abyssinia,POSITIVE,0.9963905215263368,Feature Request / General,0,8,False,en,No working bad bad connection please improve this
760,Always the app is busy,1,2023-10-18,Bank of Abyssinia,NEGATIVE,0.0007193684577941,Feature Request / General,0,5,False,en,Always the app is busy
761,But it dosent work when i ubdeat,5,2023-10-17,Bank of Abyssinia,NEGATIVE,0.1783666610717773,Transaction Performance,0,7,False,en,But it dosent work when i ubdeat
762,The best bank in the world! 💚💚💚💚💚💚💚💚💚💚💚💚💚💚💚💚💚💚💚💚💚💚💚💚💚💚💚💚💚💚💚💚💚💚💚💚💚💚💚💚💚💚💚💚💚💚💚💚 💛💛💛💛💛💛💛💛💛💛💛💛💛💛💛💛💛💛💛💛💛💛💛💛💛💛💛💛💛💛💛💛💛💛💛💛💛💛💛💛💛💛💛💛💛💛💛💛❤️❤️❤️❤️❤️❤️❤️❤️❤️❤️❤️❤️❤️❤️❤️❤️❤️❤️❤️❤️❤️❤️❤️❤️❤️❤️❤️❤️❤️❤️❤️❤️❤️❤️❤️❤️❤️❤️❤️❤️❤️❤️❤️❤️❤️❤️❤️❤️,5,2023-10-16,Bank of Abyssinia,POSITIVE,0.9998319149017334,Feature Request / General,0,8,False,en,The best bank in the world! 💚💚💚💚💚💚💚💚💚💚💚💚💚💚💚💚💚💚💚💚💚💚💚💚💚💚💚💚💚💚💚💚💚💚💚💚💚💚💚💚💚💚💚💚💚💚💚💚 💛💛💛💛💛💛💛💛💛💛💛💛💛💛💛💛💛💛💛💛💛💛💛💛💛💛💛💛💛💛💛💛💛💛💛💛💛💛💛💛💛💛💛💛💛💛💛💛❤️❤️❤️❤️❤️❤️❤️❤️❤️❤️❤️❤️❤️❤️❤️❤️❤️❤️❤️❤️❤️❤️❤️❤️❤️❤️❤️❤️❤️❤️❤️❤️❤️❤️❤️❤️❤️❤️❤️❤️❤️❤️❤️❤️❤️❤️❤️❤️
763,It is very slow app couldn't login faster it sucks...,1,2023-10-16,Bank of Abyssinia,NEGATIVE,0.0013025403022766,Account Access,1,10,False,en,It is very slow app couldn't login faster it sucks...
764,Please BOA you can do better. This app is Trash,1,2023-10-16,Bank of Abyssinia,NEGATIVE,0.0002409815788269,Feature Request / General,0,10,False,en,Please BOA you can do better. This app is Trash
765,Previous version used to work fine. But now all I get is a black screen. Yesterday I had gone to my nearest branch and the tech guy told me many customers got this black screens and the only way is to roll back to previous version. He send me the old version and worked for a day until google update it today to the stupid latest version which made it just black screen again. 🤬,1,2023-10-16,Bank of Abyssinia,NEGATIVE,0.0007186532020568,Customer Support,0,75,False,en,Previous version used to work fine. But now all I get is a black screen. Yesterday I had gone to my nearest branch and the tech guy told me many customers got this black screens and the only way is to roll back to previous version. He send me the old version and worked for a day until google update it today to the stupid latest version which made it just black screen again. 🤬
766,"It doesn't respond correctly. In addition to that, to transfer 50, 000 birr, they charged me 100 birr. The money I transferred after many phone calls gets it in 4 days. Another day, when I tried to send 1000 birr to my Owen telebirr account through this app, the app sent 15 times 1000 birr, which is 15,000 birr. I don't recommend this app for any user.",1,2023-10-15,Bank of Abyssinia,NEGATIVE,0.0017193555831909,Account Access,1,67,False,en,"It doesn't respond correctly. In addition to that, to transfer 50, 000 birr, they charged me 100 birr. The money I transferred after many phone calls gets it in 4 days. Another day, when I tried to send 1000 birr to my Owen telebirr account through this app, the app sent 15 times 1000 birr, which is 15,000 birr. I don't recommend this app for any user."
767,Good,5,2023-10-14,Bank of Abyssinia,POSITIVE,0.999816119670868,Feature Request / General,0,1,True,en,Good
768,Most of the time app isn't open,1,2023-10-14,Bank of Abyssinia,NEGATIVE,0.0011782050132751,Feature Request / General,0,7,False,en,Most of the time app isn't open
769,The worst mobile banking App👎,1,2023-10-14,Bank of Abyssinia,NEGATIVE,0.0001974701881408,Feature Request / General,0,5,False,en,The worst mobile banking App👎
770,Bug full app i ever seen. . It's not even loading correctly. .i guess the team behind need to do something to deal with this,1,2023-10-13,Bank of Abyssinia,NEGATIVE,0.0002070069313049,Feature Request / General,0,25,False,en,Bug full app i ever seen. . It's not even loading correctly. .i guess the team behind need to do something to deal with this
771,Totally not working,1,2023-10-13,Bank of Abyssinia,NEGATIVE,0.0002158284187316,Feature Request / General,0,3,True,en,Totally not working
772,I have never read so much negative comments on an app than this one. I have withdrawal all my savings and will never go back to your annoying branches or mobile app.,1,2023-10-12,Bank of Abyssinia,NEGATIVE,0.0300137400627136,Feature Request / General,0,32,False,en,I have never read so much negative comments on an app than this one. I have withdrawal all my savings and will never go back to your annoying branches or mobile app.
773,I can't transfer money to telebirr and other problems I have,1,2023-10-11,Bank of Abyssinia,NEGATIVE,0.0009776353836059,Transaction Performance,1,11,False,en,I can't transfer money to telebirr and other problems I have
774,It doesn't work my phone Please creat the latest future app for all types of device.,1,2023-10-11,Bank of Abyssinia,NEGATIVE,0.0005103349685668,Feature Request / General,0,16,False,en,It doesn't work my phone Please creat the latest future app for all types of device.
775,it's the worst mobile banking app i ever used in my entire life it's crashes every time I want to send the money it work only toreceive i hate it every time u update it even worse,1,2023-10-10,Bank of Abyssinia,NEGATIVE,0.0002579092979431,Transaction Performance,1,37,False,en,it's the worst mobile banking app i ever used in my entire life it's crashes every time I want to send the money it work only toreceive i hate it every time u update it even worse
776,BOA is good,5,2023-10-10,Bank of Abyssinia,POSITIVE,0.9998610019683838,Feature Request / General,0,3,True,en,BOA is good
777,Wow,5,2023-10-10,Bank of Abyssinia,POSITIVE,0.999592125415802,Feature Request / General,0,1,True,en,Wow
778,Great job,5,2023-10-10,Bank of Abyssinia,POSITIVE,0.999858856201172,Feature Request / General,0,2,True,en,Great job
779,The app are very difficult &it says the app has stopped,1,2023-10-10,Bank of Abyssinia,NEGATIVE,0.0002031922340393,Feature Request / General,0,11,False,en,The app are very difficult &it says the app has stopped
780,"I love the bank but the mobile banking app is the worst it takes forever to load and navigation within the app is almost impossible,please try to solve this.",1,2023-10-09,Bank of Abyssinia,NEGATIVE,0.0003583431243896,UI & Design,0,29,False,en,"I love the bank but the mobile banking app is the worst it takes forever to load and navigation within the app is almost impossible,please try to solve this."
781,this app is not active. Why?,5,2023-10-09,Bank of Abyssinia,NEGATIVE,0.0003144741058349,Feature Request / General,0,6,False,en,this app is not active. Why?
782,Doesn't work when u need it.,1,2023-10-08,Bank of Abyssinia,NEGATIVE,0.0004681348800659,Feature Request / General,0,6,False,en,Doesn't work when u need it.
783,"Nice but not running as fast as it could and for security reason i tried to record screen and it didn't stop me so this is a big issue, look after this",3,2023-10-07,Bank of Abyssinia,POSITIVE,0.9895309209823608,UI & Design,0,32,False,en,"Nice but not running as fast as it could and for security reason i tried to record screen and it didn't stop me so this is a big issue, look after this"
784,Salax,5,2023-10-07,Bank of Abyssinia,POSITIVE,0.9530946016311646,Feature Request / General,0,1,True,en,Salax
785,This app used to be good now it has had enough problems already. And now again it won't open or show any kind of text when installed and opened in any kind of huawei phones. What's the issue?,1,2023-10-07,Bank of Abyssinia,NEGATIVE,0.0008838772773742,Feature Request / General,0,38,False,en,This app used to be good now it has had enough problems already. And now again it won't open or show any kind of text when installed and opened in any kind of huawei phones. What's the issue?
786,The app doesn't work. It won't let you log into your account. And keeps crashing. The most terrible banking app I've ever used by far!!!!,1,2023-10-07,Bank of Abyssinia,NEGATIVE,0.0028458833694458,Account Access,1,25,False,en,The app doesn't work. It won't let you log into your account. And keeps crashing. The most terrible banking app I've ever used by far!!!!
787,"The app is not working, the password verification page is not recieve number for signup new user",1,2023-10-07,Bank of Abyssinia,NEGATIVE,0.0003033876419067,Account Access,1,17,False,en,"The app is not working, the password verification page is not recieve number for signup new user"
788,"The worst bank and app i have ever used. It lacks the technological interaction between tele birr and other apps. It works for a day or two and crashes on the next ten. Always taking our money, not sending it through and made us wait for weeks to return it. Dont use it. You will regret it later",1,2023-10-07,Bank of Abyssinia,NEGATIVE,0.0001900792121887,Transaction Performance,1,58,False,en,"The worst bank and app i have ever used. It lacks the technological interaction between tele birr and other apps. It works for a day or two and crashes on the next ten. Always taking our money, not sending it through and made us wait for weeks to return it. Dont use it. You will regret it later"
789,It always crashes after login or signup.,1,2023-10-07,Bank of Abyssinia,NEGATIVE,0.0007962584495544,Account Access,1,7,False,en,It always crashes after login or signup.
790,"In progress.....is tiresome? Problem while logging in, problem seeing balance, problem making transfers..... Every single tap on your chosen order takes forever. BOA deserves better mobile banking app! The star I chose is only for the app! The bank desrves 5★",1,2023-10-07,Bank of Abyssinia,NEGATIVE,0.0004462599754333,Transaction Performance,1,41,False,en,"In progress.....is tiresome? Problem while logging in, problem seeing balance, problem making transfers..... Every single tap on your chosen order takes forever. BOA deserves better mobile banking app! The star I chose is only for the app! The bank desrves 5★"
791,Good,1,2023-10-06,Bank of Abyssinia,POSITIVE,0.999816119670868,Feature Request / General,0,1,True,en,Good
792,Wow,3,2023-10-06,Bank of Abyssinia,POSITIVE,0.999592125415802,Feature Request / General,0,1,True,en,Wow
793,Nice app,5,2023-10-05,Bank of Abyssinia,POSITIVE,0.9998061060905457,Feature Request / General,0,2,True,en,Nice app
794,go,5,2023-10-05,Bank of Abyssinia,POSITIVE,0.9994152784347534,Feature Request / General,0,1,True,en,go
795,"It is not functional. Please update it, when i want to login it takes long time. Really i feel sorry, this app upsets us day to day.No update, i think you yourself hasn't motivation to works on.",1,2023-10-05,Bank of Abyssinia,NEGATIVE,0.00037682056427,Account Access,1,37,False,en,"It is not functional. Please update it, when i want to login it takes long time. Really i feel sorry, this app upsets us day to day.No update, i think you yourself hasn't motivation to works on."
796,Nice,5,2023-10-04,Bank of Abyssinia,POSITIVE,0.9998552799224854,Feature Request / General,0,1,True,en,Nice
797,The worst financial institution application you can't ever relay on it always disappointing,1,2023-10-04,Bank of Abyssinia,NEGATIVE,0.0002667307853698,Feature Request / General,0,13,False,en,The worst financial institution application you can't ever relay on it always disappointing
798,አህ ...ቀርፋፋ አፕ። ምነው BOA? Modifiy it,3,2023-10-04,Bank of Abyssinia,NEUTRAL,0.0,Transaction Performance,0,7,False,am,Ah...slow app. What is BOA? Modify it
799,Great,5,2023-10-03,Bank of Abyssinia,POSITIVE,0.9998630285263062,Feature Request / General,0,1,True,en,Great
800,Its Very Nice and can use it easily,5,2023-10-03,Bank of Abyssinia,POSITIVE,0.9998496770858764,Feature Request / General,0,8,False,en,Its Very Nice and can use it easily
801,The app keeps lagging and has many glitches. This app doesn't fit the banks image.,1,2023-10-02,Bank of Abyssinia,NEGATIVE,0.0001968741416931,Feature Request / General,0,15,False,en,The app keeps lagging and has many glitches. This app doesn't fit the banks image.
802,So annoying app I have ever used👎👎👎👎,1,2023-10-02,Bank of Abyssinia,NEGATIVE,0.0005179047584533,Feature Request / General,0,7,False,en,So annoying app I have ever used👎👎👎👎
803,"Opening the app, Its just a white screen i am getting. Unable to login at all.",1,2023-10-02,Bank of Abyssinia,NEGATIVE,0.0006698369979858,Account Access,1,16,False,en,"Opening the app, Its just a white screen i am getting. Unable to login at all."
804,It's good app thank you,5,2023-10-01,Bank of Abyssinia,POSITIVE,0.9998660087585448,Feature Request / General,0,5,False,en,It's good app thank you
805,"This is the most annoying online banking app I have ever experienced. It tooks longer time to login, doesn't allow to transfer or pay anything to try anything with this app you need maybe over 30 minutes which is greater than the time you need in the bank.",1,2023-10-01,Bank of Abyssinia,NEGATIVE,0.0010236501693725,Account Access,1,48,False,en,"This is the most annoying online banking app I have ever experienced. It tooks longer time to login, doesn't allow to transfer or pay anything to try anything with this app you need maybe over 30 minutes which is greater than the time you need in the bank."
806,the most terrible App I hv ever seen,1,2023-10-01,Bank of Abyssinia,NEGATIVE,0.0011586546897888,Feature Request / General,0,8,False,en,the most terrible App I hv ever seen
807,I am very happy for this project,5,2023-10-01,Bank of Abyssinia,POSITIVE,0.99987530708313,Feature Request / General,0,7,False,en,I am very happy for this project
808,Since the last update everything went black the worst banking app from the best bank!!!,1,2023-09-30,Bank of Abyssinia,NEGATIVE,0.0002481341361999,Feature Request / General,0,15,False,en,Since the last update everything went black the worst banking app from the best bank!!!
809,Best app with security but it takes time to login,1,2023-09-29,Bank of Abyssinia,NEGATIVE,0.0064545273780822,Account Access,1,10,False,en,Best app with security but it takes time to login
810,Worst app in Ethiopia bank industry,1,2023-09-29,Bank of Abyssinia,NEGATIVE,0.0002124905586242,Feature Request / General,0,6,False,en,Worst app in Ethiopia bank industry
811,"One time best ,now worset",1,2023-09-29,Bank of Abyssinia,NEGATIVE,0.0019879341125488,Feature Request / General,0,5,False,en,"One time best ,now worset"
812,"There are many things that need to be fixed in it. One is very slow when logging in. Second, it took more than a minute to process it. Anyway, you can copy mobile banking from Commercial Bank.",2,2023-09-27,Bank of Abyssinia,NEGATIVE,0.0006861686706542,Transaction Performance,1,37,False,en,"There are many things that need to be fixed in it. One is very slow when logging in. Second, it took more than a minute to process it. Anyway, you can copy mobile banking from Commercial Bank."
813,The updated version was simple and interactive but now when i try to open the app it show me dark black screen amd nothing else. My phone is Samsung a20. Please fix it thanks.,3,2023-09-27,Bank of Abyssinia,NEGATIVE,0.0130941271781921,Feature Request / General,0,34,False,en,The updated version was simple and interactive but now when i try to open the app it show me dark black screen amd nothing else. My phone is Samsung a20. Please fix it thanks.
814,This is not what I expect from Abyssinia Bank. It's the worst mobile banking app ever.,1,2023-09-27,Bank of Abyssinia,NEGATIVE,0.0001981854438781,Feature Request / General,0,16,False,en,This is not what I expect from Abyssinia Bank. It's the worst mobile banking app ever.
815,"It's one of the worst apps I've ever used. It took a long time to log in, and it usually provides an error message whenever I access another app over it. It's a bad app for an excellent bank.",1,2023-09-27,Bank of Abyssinia,NEGATIVE,0.0002675652503967,Account Access,1,39,False,en,"It's one of the worst apps I've ever used. It took a long time to log in, and it usually provides an error message whenever I access another app over it. It's a bad app for an excellent bank."
816,The worst App of banking i ever experienced. Shame to compare it to other banks at all.,1,2023-09-27,Bank of Abyssinia,NEGATIVE,0.0001857876777648,Feature Request / General,0,17,False,en,The worst App of banking i ever experienced. Shame to compare it to other banks at all.
817,Very annoying. Cannot login. Bank branches even don't give solution.,1,2023-09-25,Bank of Abyssinia,NEGATIVE,0.0005077123641967,Account Access,1,10,False,en,Very annoying. Cannot login. Bank branches even don't give solution.
818,Just white screen on Huawei phone,1,2023-09-24,Bank of Abyssinia,NEGATIVE,0.0082712769508361,Feature Request / General,0,6,False,en,Just white screen on Huawei phone
819,The worst app I've ever seen,1,2023-09-24,Bank of Abyssinia,NEGATIVE,0.0002145171165466,Feature Request / General,0,6,False,en,The worst app I've ever seen
820,Your #1 choice,5,2023-09-24,Bank of Abyssinia,POSITIVE,0.9991530179977416,Feature Request / General,0,3,True,en,Your #1 choice
821,Not responsive and too slow,1,2023-09-23,Bank of Abyssinia,NEGATIVE,0.0001949667930603,Transaction Performance,1,5,False,en,Not responsive and too slow
822,The worst app ever!!!!,1,2023-09-22,Bank of Abyssinia,NEGATIVE,0.0002141594886779,Feature Request / General,0,4,False,en,The worst app ever!!!!
823,Fix your servers and what the hell is with your security if i enter my password wrong 3x instead of locking my account for a day and sending a message to my phone you choose to suspend my account forever So much time and effort wasted im so disappointed!!! Edit: i was wrong abt everything i said earlier this isnt a bad app ... This is the worst online banking experience ever it Wont let u send money after 9 oclock and doesnt let me sent to other telebirr accounts. I hate this app kys pls,1,2023-09-22,Bank of Abyssinia,NEGATIVE,0.0001991391181945,Account Access,1,96,False,en,Fix your servers and what the hell is with your security if i enter my password wrong 3x instead of locking my account for a day and sending a message to my phone you choose to suspend my account forever So much time and effort wasted im so disappointed!!! Edit: i was wrong abt everything i said earlier this isnt a bad app ... This is the worst online banking experience ever it Wont let u send money after 9 oclock and doesnt let me sent to other telebirr accounts. I hate this app kys pls
824,This app is not working on my mobile what is wrong with this app?,5,2023-09-22,Bank of Abyssinia,NEGATIVE,0.0002554059028625,Feature Request / General,0,14,False,en,This app is not working on my mobile what is wrong with this app?
825,The worst update I am unable to transfer anything,1,2023-09-22,Bank of Abyssinia,NEGATIVE,0.0001872181892395,Transaction Performance,1,9,False,en,The worst update I am unable to transfer anything
826,"Can't even use the app since it won't let me select the account list, I'm guessing cuz I have a interest free account but all banks don't have this problem, even tho I see my account in list of accounts, I cant see that list in any of the transfer screens. Please fix or reply",1,2023-09-22,Bank of Abyssinia,NEGATIVE,0.0162745118141174,Account Access,1,55,False,en,"Can't even use the app since it won't let me select the account list, I'm guessing cuz I have a interest free account but all banks don't have this problem, even tho I see my account in list of accounts, I cant see that list in any of the transfer screens. Please fix or reply"
827,Good,5,2023-09-21,Bank of Abyssinia,POSITIVE,0.999816119670868,Feature Request / General,0,1,True,en,Good
828,If there is 0 i am happy to give you 0 rating. It's a shame to see this huge bank can't even have stable mobile app. Rather than wasting time asking people to open accounts just improve your servicesq,1,2023-09-21,Bank of Abyssinia,NEGATIVE,0.0006352066993713,Account Access,1,39,False,en,If there is 0 i am happy to give you 0 rating. It's a shame to see this huge bank can't even have stable mobile app. Rather than wasting time asking people to open accounts just improve your servicesq
829,"I don't know what happened to the app it was perfect at the start, but know I can say it is not working totally.",2,2023-09-21,Bank of Abyssinia,NEGATIVE,0.000247299671173,Feature Request / General,0,24,False,en,"I don't know what happened to the app it was perfect at the start, but know I can say it is not working totally."
830,Wow very niys,4,2023-09-20,Bank of Abyssinia,POSITIVE,0.9991963505744934,Feature Request / General,0,3,True,en,Wow very niys
831,The new update not working and the bank people they don't even know how to explain and fix it... Seriously very very very bad service.,1,2023-09-20,Bank of Abyssinia,NEGATIVE,0.0001830458641052,Customer Support,0,25,False,en,The new update not working and the bank people they don't even know how to explain and fix it... Seriously very very very bad service.
832,Good,5,2023-09-20,Bank of Abyssinia,POSITIVE,0.999816119670868,Feature Request / General,0,1,True,en,Good
833,Wouldn't let me login at all... It's actually worse than the old app which was working fine for me. Now I have to go to the bank in person because it blocked my account!!,1,2023-09-20,Bank of Abyssinia,NEGATIVE,0.0002753138542175,Account Access,1,34,False,en,Wouldn't let me login at all... It's actually worse than the old app which was working fine for me. Now I have to go to the bank in person because it blocked my account!!
834,I love this app,5,2023-09-19,Bank of Abyssinia,POSITIVE,0.9998608827590942,Feature Request / General,0,4,False,en,I love this app
835,"This is the worst mobile banking app to use in terms of being accessible everytime, it is very slow & not what is expected from a bank that is trying to lead in terms of technology",1,2023-09-19,Bank of Abyssinia,NEGATIVE,0.0001952052116394,Account Access,1,36,False,en,"This is the worst mobile banking app to use in terms of being accessible everytime, it is very slow & not what is expected from a bank that is trying to lead in terms of technology"
836,The application is buggy and doesn't seem to work half the time!,1,2023-09-19,Bank of Abyssinia,NEGATIVE,0.0003284215927124,Feature Request / General,0,12,False,en,The application is buggy and doesn't seem to work half the time!
837,Nice service to us but some times it's difficult to use!!,5,2023-09-18,Bank of Abyssinia,NEGATIVE,0.0015091896057128,Customer Support,0,11,False,en,Nice service to us but some times it's difficult to use!!
838,"Older version way better, this update not working at all, always failing to transfer!! 👎",1,2023-09-18,Bank of Abyssinia,NEGATIVE,0.0010225772857666,Transaction Performance,1,15,False,en,"Older version way better, this update not working at all, always failing to transfer!! 👎"
839,Nice app,5,2023-09-17,Bank of Abyssinia,POSITIVE,0.9998061060905457,Feature Request / General,0,2,True,en,Nice app
840,Oh this app is annoying! it takes long time to login; it can be crash when you use it! you can't do any transaction when you need it. I have lost my three days,1,2023-09-16,Bank of Abyssinia,NEGATIVE,0.0004225373268127,Account Access,1,34,False,en,Oh this app is annoying! it takes long time to login; it can be crash when you use it! you can't do any transaction when you need it. I have lost my three days
841,2 days,1,2023-09-16,Bank of Abyssinia,POSITIVE,0.7869690656661987,Feature Request / General,0,2,True,en,2 days
842,Good app,5,2023-09-16,Bank of Abyssinia,POSITIVE,0.9998493194580078,Feature Request / General,0,2,True,en,Good app
843,"As all reviewer try to say, I have experienced bad on this up, ugly and unfriendly user interface, bugs everywhere, not simple and easy, BOA is good bank by physical I don't what happened on digital. Hopefully you will fix it soon!",1,2023-09-16,Bank of Abyssinia,NEGATIVE,0.0010247230529785,UI & Design,0,42,False,en,"As all reviewer try to say, I have experienced bad on this up, ugly and unfriendly user interface, bugs everywhere, not simple and easy, BOA is good bank by physical I don't what happened on digital. Hopefully you will fix it soon!"
844,The worst app of all.,1,2023-09-16,Bank of Abyssinia,NEGATIVE,0.0002074837684631,Feature Request / General,0,5,False,en,The worst app of all.
845,Worse application I ever seen. Don't trust it. Don't use it.,1,2023-09-15,Bank of Abyssinia,NEGATIVE,0.0002005696296691,Feature Request / General,0,11,False,en,Worse application I ever seen. Don't trust it. Don't use it.
846,Couldnt let me log in and am still trying. As an international bank it is priority to give best tools for customers but this is worst by far and un recommendable app. Cant belive it hasnt been fixed after this time,1,2023-09-15,Bank of Abyssinia,NEGATIVE,0.0004770755767822,Customer Support,0,41,False,en,Couldnt let me log in and am still trying. As an international bank it is priority to give best tools for customers but this is worst by far and un recommendable app. Cant belive it hasnt been fixed after this time
847,Best,5,2023-09-15,Bank of Abyssinia,POSITIVE,0.9997941851615906,Feature Request / General,0,1,True,en,Best
848,Nice,5,2023-09-15,Bank of Abyssinia,POSITIVE,0.9998552799224854,Feature Request / General,0,1,True,en,Nice
849,Not efficient,3,2023-09-14,Bank of Abyssinia,NEGATIVE,0.0001932978630065,Feature Request / General,0,2,True,en,Not efficient
850,The uglist app ever it is stucked every time and it is very slow,1,2023-09-13,Bank of Abyssinia,NEGATIVE,0.0002552866935729,Transaction Performance,1,14,False,en,The uglist app ever it is stucked every time and it is very slow
851,Ever since the old app was update the mobile banking app is not working. Should have sticked to the old version. Disappointed to say that I have shifted from using BOA to other banks. BOA has lost its competitive advantage thanks to the disfunctional mobile banking app.,1,2023-09-13,Bank of Abyssinia,NEGATIVE,0.0001829266548156,Feature Request / General,0,47,False,en,Ever since the old app was update the mobile banking app is not working. Should have sticked to the old version. Disappointed to say that I have shifted from using BOA to other banks. BOA has lost its competitive advantage thanks to the disfunctional mobile banking app.
852,Currently the app is not working well.,3,2023-09-13,Bank of Abyssinia,NEGATIVE,0.000217854976654,Feature Request / General,0,7,False,en,Currently the app is not working well.
853,"Make it like CBE mobile banking, smooth and fast easy, BOA mobile so slow when opening and after that when taping one terrible, loading delay, but, BOA bank is one of my favourite bank in ethiopia, fix it the app.",3,2023-09-13,Bank of Abyssinia,POSITIVE,0.9802607893943788,Transaction Performance,0,40,False,en,"Make it like CBE mobile banking, smooth and fast easy, BOA mobile so slow when opening and after that when taping one terrible, loading delay, but, BOA bank is one of my favourite bank in ethiopia, fix it the app."
854,የ አቢሲኒያ ባንክን ከፍታና ተወዳጅነትን የማይመጥ መተግበሪያ😡😡😡😡😡😡,1,2023-09-12,Bank of Abyssinia,POSITIVE,0.4767,Feature Request / General,0,7,False,am,An application that does not match the height and popularity of Abyssinia Bank😡😡😡😡😡😡
855,Abbreviated to BOA which is Bank of Merica so misleading,1,2023-09-11,Bank of Abyssinia,NEGATIVE,0.000463843345642,Feature Request / General,0,10,False,en,Abbreviated to BOA which is Bank of Merica so misleading
856,The worest business app ever!,1,2023-09-11,Bank of Abyssinia,POSITIVE,0.9839972257614136,Feature Request / General,0,5,False,en,The worest business app ever!
857,Its Not Working 👎,1,2023-09-10,Bank of Abyssinia,NEGATIVE,0.0002952218055725,Feature Request / General,0,4,False,en,Its Not Working 👎
858,The worst banking app. The app keeps crashing. It is the worst app.,1,2023-09-08,Bank of Abyssinia,NEGATIVE,0.0002006888389587,Feature Request / General,0,13,False,en,The worst banking app. The app keeps crashing. It is the worst app.
859,Please please develop a better mobile app system! This is the lowest standard from all other bank systems that are available in the country I use. ( out of 5 ) . There is a way to make of better. The interface . The time it tool to load something. The app system error sayogn network while other banks are working fine. ........,1,2023-09-08,Bank of Abyssinia,NEGATIVE,0.0007986426353454,UI & Design,0,63,False,en,Please please develop a better mobile app system! This is the lowest standard from all other bank systems that are available in the country I use. ( out of 5 ) . There is a way to make of better. The interface . The time it tool to load something. The app system error sayogn network while other banks are working fine. ........
860,No access,1,2023-09-08,Bank of Abyssinia,NEGATIVE,0.0003454685211181,Account Access,1,2,True,en,No access
861,Stupid mobile banking app. Stupid developer.,1,2023-09-07,Bank of Abyssinia,NEGATIVE,0.000215470790863,Feature Request / General,0,6,False,en,Stupid mobile banking app. Stupid developer.
862,Good,4,2023-09-07,Bank of Abyssinia,POSITIVE,0.999816119670868,Feature Request / General,0,1,True,en,Good
863,This app is not work in my huawei android phone model =mate 10 pro / BLA-L29 Please⁉︎⁉⁉ Please‼⁈ please!!!,1,2023-09-06,Bank of Abyssinia,NEGATIVE,0.0009993910789489,Feature Request / General,0,19,False,en,This app is not work in my huawei android phone model =mate 10 pro / BLA-L29 Please⁉︎⁉⁉ Please‼⁈ please!!!
864,Good,5,2023-09-06,Bank of Abyssinia,POSITIVE,0.999816119670868,Feature Request / General,0,1,True,en,Good
865,A good app nee baset,5,2023-09-04,Bank of Abyssinia,POSITIVE,0.9998214840888976,Feature Request / General,0,5,False,en,A good app nee baset
866,Wwwitelcom,5,2023-09-04,Bank of Abyssinia,NEGATIVE,0.0260602831840515,Feature Request / General,0,1,True,en,Wwwitelcom
867,Not functional,5,2023-09-03,Bank of Abyssinia,NEGATIVE,0.000221312046051,Feature Request / General,0,2,True,en,Not functional
868,fayn,5,2023-09-03,Bank of Abyssinia,POSITIVE,0.4215,Feature Request / General,0,1,True,om,nice
869,"The worst mobile banking I've ever experienced, it keeps loading all the time. At least you have to try over 100 time to make 1 transaction, and it shows 3 transaction only. You have to update your mobile banking",1,2023-09-01,Bank of Abyssinia,NEGATIVE,0.0007148385047912,Transaction Performance,1,39,False,en,"The worst mobile banking I've ever experienced, it keeps loading all the time. At least you have to try over 100 time to make 1 transaction, and it shows 3 transaction only. You have to update your mobile banking"
870,iam lern same education,5,2023-08-31,Bank of Abyssinia,NEGATIVE,0.0466394424438476,Feature Request / General,0,4,False,en,iam lern same education
871,good,5,2023-08-31,Bank of Abyssinia,POSITIVE,0.999816119670868,Feature Request / General,0,1,True,en,good
872,It's the worst mobile banking ever I used it doesn't let me choose my accounts for transaction,1,2023-08-31,Bank of Abyssinia,NEGATIVE,0.0002145171165466,Account Access,1,17,False,en,It's the worst mobile banking ever I used it doesn't let me choose my accounts for transaction
873,A very smart app which i has enjoyed when i use it,5,2023-08-31,Bank of Abyssinia,POSITIVE,0.999870538711548,Feature Request / General,0,12,False,en,A very smart app which i has enjoyed when i use it
874,Best apps forever,5,2023-08-30,Bank of Abyssinia,POSITIVE,0.999826967716217,Feature Request / General,0,3,True,en,Best apps forever
875,I can't login due to the update.,1,2023-08-30,Bank of Abyssinia,NEGATIVE,0.0445913076400756,Account Access,1,7,False,en,I can't login due to the update.
876,Life is good,4,2023-08-29,Bank of Abyssinia,POSITIVE,0.9998738765716552,Feature Request / General,0,3,True,en,Life is good
877,"Great!? Neither it allow user to inserting otp code send by sms nor it read by itself. I never seen such kinds of confirmation entering method. FYI, all access phone, storage and camera is allowed for the app. Good luck.",1,2023-08-29,Bank of Abyssinia,POSITIVE,0.8747063279151917,Account Access,1,40,False,en,"Great!? Neither it allow user to inserting otp code send by sms nor it read by itself. I never seen such kinds of confirmation entering method. FYI, all access phone, storage and camera is allowed for the app. Good luck."
878,The app locks out with one error on input,2,2023-08-27,Bank of Abyssinia,NEGATIVE,0.0078632831573486,Feature Request / General,0,9,False,en,The app locks out with one error on input
879,Wow the great BOA,5,2023-08-25,Bank of Abyssinia,POSITIVE,0.99960857629776,Feature Request / General,0,4,False,en,Wow the great BOA
880,Abdii.Ramadan,5,2023-08-25,Bank of Abyssinia,NEUTRAL,0.0,Feature Request / General,0,1,True,om,Servant. Ramadan
881,"The app doesn't work for Android, it is a kind of luck, it doesn't work when I wanted it",1,2023-08-24,Bank of Abyssinia,NEGATIVE,0.0077267289161682,Feature Request / General,0,19,False,en,"The app doesn't work for Android, it is a kind of luck, it doesn't work when I wanted it"
882,A trash app. Has to be optimized. The app downloads images for Icons.. Even the loading screen is a giant picture that you will literally cry while navigating through pages cuz the app is downloading image in a country where internet connection is freakishly scarce. There a lot of bugs that the app team needs to work on...it's just terrible UI terrible terrible...I went on to the old way of sending money because their system is trash.,1,2023-08-24,Bank of Abyssinia,NEGATIVE,0.0003969073295593,Transaction Performance,1,77,False,en,A trash app. Has to be optimized. The app downloads images for Icons.. Even the loading screen is a giant picture that you will literally cry while navigating through pages cuz the app is downloading image in a country where internet connection is freakishly scarce. There a lot of bugs that the app team needs to work on...it's just terrible UI terrible terrible...I went on to the old way of sending money because their system is trash.
883,It is not aplicable on my cell phone. Huawei 5 mobile.,2,2023-08-24,Bank of Abyssinia,NEGATIVE,0.0004388689994812,Feature Request / General,0,11,False,en,It is not aplicable on my cell phone. Huawei 5 mobile.
884,After the update with the app nothing works anymore. Going back to cbe and dashen I guess,1,2023-08-23,Bank of Abyssinia,NEGATIVE,0.0006152391433715,Feature Request / General,0,17,False,en,After the update with the app nothing works anymore. Going back to cbe and dashen I guess
885,The most dumped app ever😒😒😒,1,2023-08-22,Bank of Abyssinia,NEGATIVE,0.0002976059913635,Feature Request / General,0,5,False,en,The most dumped app ever😒😒😒
886,Nice,5,2023-08-21,Bank of Abyssinia,POSITIVE,0.9998552799224854,Feature Request / General,0,1,True,en,Nice
887,Ere wedeza men adrgachut new mayseraw degami astekaklut menm eyesera adelem,1,2023-08-21,Bank of Abyssinia,NEUTRAL,0.0,Feature Request / General,0,11,False,om,There is a wedeza from adrgachut or mayseraw when I steak from the sky
888,Thans,5,2023-08-21,Bank of Abyssinia,POSITIVE,0.8968304991722107,Feature Request / General,0,1,True,en,Thans
889,😀 imagine your car just stops In the middle of the road!!!!!!,1,2023-08-20,Bank of Abyssinia,NEGATIVE,0.0119671821594238,Feature Request / General,0,12,False,en,😀 imagine your car just stops In the middle of the road!!!!!!
890,What is wrong with you guys. Please at least review the comments and try to fix the app. Worst version,1,2023-08-20,Bank of Abyssinia,NEGATIVE,0.0002273917198181,Feature Request / General,0,20,False,en,What is wrong with you guys. Please at least review the comments and try to fix the app. Worst version
891,Imer,5,2023-08-19,Bank of Abyssinia,POSITIVE,0.9966155886650084,Feature Request / General,0,1,True,en,Imer
892,"I can't log in to the application. When I try to enter the application, it closes saying open again",2,2023-08-19,Bank of Abyssinia,NEGATIVE,0.0057454705238342,Feature Request / General,0,19,False,en,"I can't log in to the application. When I try to enter the application, it closes saying open again"
893,Best app,5,2023-08-19,Bank of Abyssinia,POSITIVE,0.999686598777771,Feature Request / General,0,2,True,en,Best app
894,Very nice 🙂☺️,5,2023-08-18,Bank of Abyssinia,POSITIVE,0.999857783317566,Feature Request / General,0,3,True,en,Very nice 🙂☺️
895,helo Abisinya,5,2023-08-17,Bank of Abyssinia,NEUTRAL,0.0,Feature Request / General,0,2,True,om,hello Abyssinia
896,Amazing app,4,2023-08-17,Bank of Abyssinia,POSITIVE,0.9998670816421508,Feature Request / General,0,2,True,en,Amazing app
897,The previous app was much better than this updated app. This is the worst bank app in Ethiopia.,1,2023-08-17,Bank of Abyssinia,NEGATIVE,0.0002371668815612,Feature Request / General,0,18,False,en,The previous app was much better than this updated app. This is the worst bank app in Ethiopia.
898,🤮,1,2023-08-17,Bank of Abyssinia,NEGATIVE,0.3029435276985168,Feature Request / General,0,1,True,en,🤮
899,Good,4,2023-08-17,Bank of Abyssinia,POSITIVE,0.999816119670868,Feature Request / General,0,1,True,en,Good
900,ሀይ,5,2023-08-16,Bank of Abyssinia,NEUTRAL,0.0,Feature Request / General,0,1,True,am,Hi
901,Itel A24,5,2023-08-14,Bank of Abyssinia,POSITIVE,0.5970611572265625,Feature Request / General,0,2,True,en,Itel A24
902,Best mobile app.,5,2023-08-14,Bank of Abyssinia,POSITIVE,0.999786913394928,Feature Request / General,0,3,True,en,Best mobile app.
903,best,5,2023-08-12,Bank of Abyssinia,POSITIVE,0.9997941851615906,Feature Request / General,0,1,True,en,best
904,Worse they need to update,1,2023-08-12,Bank of Abyssinia,NEGATIVE,0.000348687171936,Feature Request / General,0,5,False,en,Worse they need to update
905,Android users: this app doesn't work! Not sure what they did but after the system update a couple of months ago login on Android is broken. IOS and Web apps work but from what I've experienced I've tested on a couple of Android devices oncluding this one it doesn't work. Please get if fixed ASAP!,1,2023-08-12,Bank of Abyssinia,NEGATIVE,0.000520646572113,Account Access,1,55,False,en,Android users: this app doesn't work! Not sure what they did but after the system update a couple of months ago login on Android is broken. IOS and Web apps work but from what I've experienced I've tested on a couple of Android devices oncluding this one it doesn't work. Please get if fixed ASAP!
906,Why isn't open to me,1,2023-08-11,Bank of Abyssinia,NEGATIVE,0.0006619095802307,Feature Request / General,0,5,False,en,Why isn't open to me
907,Simple and fast,5,2023-08-11,Bank of Abyssinia,POSITIVE,0.9998082518577576,Feature Request / General,0,3,True,en,Simple and fast
908,You don't want us to use the application b/c to save the money that we deposited in your bank that is why the last 5 months the apps never worked for me.,1,2023-08-10,Bank of Abyssinia,NEGATIVE,0.0007176995277404,Transaction Performance,1,32,False,en,You don't want us to use the application b/c to save the money that we deposited in your bank that is why the last 5 months the apps never worked for me.
909,በጣም የሚያናድድ አፕ ነው ለደበኞች ፓስወርድ የማይልክ ቢላክም የማይሰራ አቢሲኒያዎች ኢንተርኔት ሞባይል ባንኪንጋቹን አስተካክሉ ህዝቡ እየጠላቹ ነው!!,1,2023-08-10,Bank of Abyssinia,NEGATIVE,-0.8333,Account Access,1,17,False,am,"It's a very annoying app, even if it doesn't send a password to users, it doesn't work. Please fix the internet mobile banking. The people are hating you!!"
910,Best bank in 🇪🇹,4,2023-08-10,Bank of Abyssinia,POSITIVE,0.9996626377105712,Feature Request / General,0,4,False,en,Best bank in 🇪🇹
911,slow,1,2023-08-10,Bank of Abyssinia,NEGATIVE,0.0002686381340026,Transaction Performance,1,1,True,en,slow
912,Good,5,2023-08-09,Bank of Abyssinia,POSITIVE,0.999816119670868,Feature Request / General,0,1,True,en,Good
913,One of the worst app ever seen 😭,1,2023-08-09,Bank of Abyssinia,NEGATIVE,0.0002132058143615,Feature Request / General,0,8,False,en,One of the worst app ever seen 😭
914,It's doesn't work for me it's say help and support,1,2023-08-09,Bank of Abyssinia,NEGATIVE,0.0002606511116027,Customer Support,0,10,False,en,It's doesn't work for me it's say help and support
915,Best app,5,2023-08-08,Bank of Abyssinia,POSITIVE,0.999686598777771,Feature Request / General,0,2,True,en,Best app
916,Not good,3,2023-08-08,Bank of Abyssinia,NEGATIVE,0.0002110600471496,Feature Request / General,0,2,True,en,Not good
917,Please please? what are you doing sistem not active,1,2023-08-08,Bank of Abyssinia,NEGATIVE,0.0018791556358337,Feature Request / General,0,9,False,en,Please please? what are you doing sistem not active
918,I used the app before but after the update the app doesn't let me to write verification code.,2,2023-08-07,Bank of Abyssinia,NEGATIVE,0.022918164730072,Account Access,1,18,False,en,I used the app before but after the update the app doesn't let me to write verification code.
919,good,5,2023-08-05,Bank of Abyssinia,POSITIVE,0.999816119670868,Feature Request / General,0,1,True,en,good
920,"Crushes most of the time, needs to be fixed",1,2023-08-05,Bank of Abyssinia,NEGATIVE,0.0004064440727233,Feature Request / General,0,9,False,en,"Crushes most of the time, needs to be fixed"
921,Good security enhancement and OTP utilization,4,2023-08-05,Bank of Abyssinia,POSITIVE,0.9991393089294434,Account Access,0,6,False,en,Good security enhancement and OTP utilization
922,Good app,5,2023-08-05,Bank of Abyssinia,POSITIVE,0.9998493194580078,Feature Request / General,0,2,True,en,Good app
923,"yo fix the telebirr problem, it won't let me add the phone number I want, instead it automatically choose the number that the account was made in, it's frustrating.",1,2023-08-03,Bank of Abyssinia,NEGATIVE,0.0006681084632873,Account Access,1,29,False,en,"yo fix the telebirr problem, it won't let me add the phone number I want, instead it automatically choose the number that the account was made in, it's frustrating."
924,It is awful... doesn't login or do anything. Z previous version was good.,1,2023-08-03,Bank of Abyssinia,NEGATIVE,0.003750741481781,Account Access,1,13,False,en,It is awful... doesn't login or do anything. Z previous version was good.
925,"Wouldn't let me login because there was an update. So, was forced me to update. The update didn't work totally, Went to the bank. , it got fixed. Stopped working again. Went there once more. They told me the update had a bug, and sent me the old version. Login works, but didn't show balance on my accounts. Can't login yet again. Login just worked. Set pin and security questions. Logged in. No balance yet again. I think I've been abused enough. Useless app o never seen such poor banking app!",1,2023-08-03,Bank of Abyssinia,NEGATIVE,0.0008543729782104,Account Access,1,91,False,en,"Wouldn't let me login because there was an update. So, was forced me to update. The update didn't work totally, Went to the bank. , it got fixed. Stopped working again. Went there once more. They told me the update had a bug, and sent me the old version. Login works, but didn't show balance on my accounts. Can't login yet again. Login just worked. Set pin and security questions. Logged in. No balance yet again. I think I've been abused enough. Useless app o never seen such poor banking app!"
926,"Not working properly it's show me black screen The old one is better, if there is zero star i will give for this app",1,2023-08-03,Bank of Abyssinia,NEGATIVE,0.000283658504486,Feature Request / General,0,24,False,en,"Not working properly it's show me black screen The old one is better, if there is zero star i will give for this app"
927,Good,5,2023-08-02,Bank of Abyssinia,POSITIVE,0.999816119670868,Feature Request / General,0,1,True,en,Good
928,App not working on my Samsung A53. U recently changed my phone but the number is the same. I access internet banking without a problem,3,2023-08-01,Bank of Abyssinia,NEGATIVE,0.1450663805007934,Account Access,0,25,False,en,App not working on my Samsung A53. U recently changed my phone but the number is the same. I access internet banking without a problem
929,"Good, but slow! Work on it!",5,2023-08-01,Bank of Abyssinia,POSITIVE,0.9984622001647948,Transaction Performance,0,6,False,en,"Good, but slow! Work on it!"
930,Very good,5,2023-07-31,Bank of Abyssinia,POSITIVE,0.9998520612716676,Feature Request / General,0,2,True,en,Very good
931,Other service 👌👌 But z mobile bankikng is the worest,3,2023-07-31,Bank of Abyssinia,NEGATIVE,0.022713303565979,Customer Support,0,10,False,en,Other service 👌👌 But z mobile bankikng is the worest
932,"Previous app was so good, but not to login I have to uninstall and reinstall the app. It's very annoying",1,2023-07-30,Bank of Abyssinia,NEGATIVE,0.0023718476295471,Account Access,1,20,False,en,"Previous app was so good, but not to login I have to uninstall and reinstall the app. It's very annoying"
933,Wow,5,2023-07-29,Bank of Abyssinia,POSITIVE,0.999592125415802,Feature Request / General,0,1,True,en,Wow
934,Rubish,1,2023-07-29,Bank of Abyssinia,NEGATIVE,0.0549444556236267,Feature Request / General,0,1,True,en,Rubish
935,"One star is too mach for the app,ቱ",1,2023-07-28,Bank of Abyssinia,NEUTRAL,0.0,Feature Request / General,0,8,False,am,One star is too mach for the app
936,"You guys,Am afraid your app ruin all your great works so try to fix ASAP",1,2023-07-28,Bank of Abyssinia,NEGATIVE,0.0002660155296325,UI & Design,0,15,False,en,"You guys,Am afraid your app ruin all your great works so try to fix ASAP"
937,"Trash application, bad ui, lags a lot",1,2023-07-28,Bank of Abyssinia,NEGATIVE,0.0002002120018005,UI & Design,0,7,False,en,"Trash application, bad ui, lags a lot"
938,ok,5,2023-07-27,Bank of Abyssinia,POSITIVE,0.9997851252555848,Feature Request / General,0,1,True,en,ok
939,Yigerem,5,2023-07-27,Bank of Abyssinia,NEUTRAL,0.0,Feature Request / General,0,1,True,om,I would
940,Salax,5,2023-07-27,Bank of Abyssinia,POSITIVE,0.9530946016311646,Feature Request / General,0,1,True,en,Salax
941,Very Slow and disgusting user interface,1,2023-07-27,Bank of Abyssinia,NEGATIVE,0.0002169013023376,Transaction Performance,1,6,False,en,Very Slow and disgusting user interface
942,We will see,5,2023-07-27,Bank of Abyssinia,POSITIVE,0.999850869178772,Feature Request / General,0,3,True,en,We will see
943,"Literally the worst credit return experience I've ever had I used the cardless option and withdrew 3k then it did not give me the money so I reported it but no response then I withdrew another 2k (that was dumb of me should've closed my account right there and then) and same situation. its been over a month the credit is still not refunded, asked for a manager they said no manager. and I used to vouch for y'all. I'm writing review everywhere until y'all return my money. Absolutely ridiculous!!!!",1,2023-07-26,Bank of Abyssinia,NEGATIVE,0.0002592206001281,Account Access,1,90,False,en,"Literally the worst credit return experience I've ever had I used the cardless option and withdrew 3k then it did not give me the money so I reported it but no response then I withdrew another 2k (that was dumb of me should've closed my account right there and then) and same situation. its been over a month the credit is still not refunded, asked for a manager they said no manager. and I used to vouch for y'all. I'm writing review everywhere until y'all return my money. Absolutely ridiculous!!!!"
944,"The worst app ever, downgrades the banks status specially at technology. No one cares to do something about it at the bank otherthan saying contact the HQ.",1,2023-07-26,Bank of Abyssinia,NEGATIVE,0.0002290606498718,Feature Request / General,0,27,False,en,"The worst app ever, downgrades the banks status specially at technology. No one cares to do something about it at the bank otherthan saying contact the HQ."
945,"It is a very erratic app. In rare cases when it works, loading takes ages. Most often, it just shows a white blank screen without doing anything. In those cases, the app does not even let you restart, unless you hard-restart it.",1,2023-07-26,Bank of Abyssinia,NEGATIVE,0.0009351372718811,Feature Request / General,0,42,False,en,"It is a very erratic app. In rare cases when it works, loading takes ages. Most often, it just shows a white blank screen without doing anything. In those cases, the app does not even let you restart, unless you hard-restart it."
946,the pest of App in Ethiopia 💋,4,2023-07-26,Bank of Abyssinia,NEGATIVE,0.0020809769630432,Feature Request / General,0,7,False,en,the pest of App in Ethiopia 💋
947,My feberit bank,5,2023-07-26,Bank of Abyssinia,POSITIVE,0.9599548578262328,Feature Request / General,0,3,True,en,My feberit bank
948,The app is not working properly .i hate it but the other service is good,1,2023-07-25,Bank of Abyssinia,POSITIVE,0.9936639070510864,Customer Support,0,15,False,en,The app is not working properly .i hate it but the other service is good
949,"When switching to other app and coming back, the app looses it's internet capability. Devs add manifests properly please. Am switching to CBE and withdrawing because of this.",1,2023-07-25,Bank of Abyssinia,NEGATIVE,0.0010368824005126,Feature Request / General,0,28,False,en,"When switching to other app and coming back, the app looses it's internet capability. Devs add manifests properly please. Am switching to CBE and withdrawing because of this."
950,"The worst app, is not compatible to many mobile phones.",1,2023-07-25,Bank of Abyssinia,NEGATIVE,0.0001905560493469,Feature Request / General,0,10,False,en,"The worst app, is not compatible to many mobile phones."
951,It take time to transefer to anther boa so very worst app when comper with other,3,2023-07-25,Bank of Abyssinia,NEGATIVE,0.0001848340034484,Feature Request / General,0,16,False,en,It take time to transefer to anther boa so very worst app when comper with other
952,Love,5,2023-07-25,Bank of Abyssinia,POSITIVE,0.9998735189437866,Feature Request / General,0,1,True,en,Love
953,"This mobile bankig have a long process and long time to login. I our experiance you should have to update a Mobile banking App like CBE and Amhara bank and also requests a security question when we entered before. Therefore you should have to avoid a security question to login,becuase of this we can't use a service.",3,2023-07-25,Bank of Abyssinia,NEGATIVE,0.0020688772201538,Account Access,0,57,False,en,"This mobile bankig have a long process and long time to login. I our experiance you should have to update a Mobile banking App like CBE and Amhara bank and also requests a security question when we entered before. Therefore you should have to avoid a security question to login,becuase of this we can't use a service."
954,Nice application,5,2023-07-24,Bank of Abyssinia,POSITIVE,0.9998229146003724,Feature Request / General,0,2,True,en,Nice application
955,Wow,5,2023-07-24,Bank of Abyssinia,POSITIVE,0.999592125415802,Feature Request / General,0,1,True,en,Wow
956,Good,5,2023-07-24,Bank of Abyssinia,POSITIVE,0.999816119670868,Feature Request / General,0,1,True,en,Good
957,It's so slowest,1,2023-07-24,Bank of Abyssinia,NEGATIVE,0.0010064244270324,Transaction Performance,1,3,True,en,It's so slowest
958,The other Services is good but the mobile app is the worst.why you this happened ?,1,2023-07-24,Bank of Abyssinia,NEGATIVE,0.0004307627677917,Customer Support,0,16,False,en,The other Services is good but the mobile app is the worst.why you this happened ?
959,"It didn't allow me to Login First then I uninstalled it and Installed it again but it didn't allowed me to Login once again so I went to my nearest BOA Bank to fixed It but They told me That The App Is In the Process of Update so once it finishes its Update it'll automatically Allow to Login, but It didn't so I Unistalled The App And I don't want any more",1,2023-07-24,Bank of Abyssinia,NEGATIVE,0.0021722912788391,Account Access,1,73,False,en,"It didn't allow me to Login First then I uninstalled it and Installed it again but it didn't allowed me to Login once again so I went to my nearest BOA Bank to fixed It but They told me That The App Is In the Process of Update so once it finishes its Update it'll automatically Allow to Login, but It didn't so I Unistalled The App And I don't want any more"
960,What is wrong with BOA? I'm still unable to sign up after installing the app. A big bank like BOA is still struggling to come up with a basic mobile banking app!? You should be ashamed & apologise for such failure,1,2023-07-24,Bank of Abyssinia,NEGATIVE,0.0002800822257995,Feature Request / General,0,41,False,en,What is wrong with BOA? I'm still unable to sign up after installing the app. A big bank like BOA is still struggling to come up with a basic mobile banking app!? You should be ashamed & apologise for such failure
961,Not working enough. Specially the expire time is very short,3,2023-07-24,Bank of Abyssinia,NEGATIVE,0.0004541277885437,Feature Request / General,0,10,False,en,Not working enough. Specially the expire time is very short
962,This app would become very trash after I update it.,1,2023-07-24,Bank of Abyssinia,NEGATIVE,0.0003911852836608,Feature Request / General,0,10,False,en,This app would become very trash after I update it.
963,Betam yemiastela app new mobile bankingachu yekerewal astekaklu,1,2023-07-23,Bank of Abyssinia,NEGATIVE,0.0749392509460449,Feature Request / General,0,8,False,en,Betam yemiastela app new mobile bankingachu yekerewal astekaklu
964,Its just a mess 🤦🤦,1,2023-07-23,Bank of Abyssinia,NEGATIVE,0.0001804232597351,Feature Request / General,0,5,False,en,Its just a mess 🤦🤦
965,I like to use this best App of the BOA,5,2023-07-23,Bank of Abyssinia,POSITIVE,0.9990041851997375,Feature Request / General,0,10,False,en,I like to use this best App of the BOA
966,Previous app was the best this version is annoying the OTP box is uneditable not comfortable for sim card on my second phone,1,2023-07-22,Bank of Abyssinia,NEGATIVE,0.0004480481147766,Account Access,1,23,False,en,Previous app was the best this version is annoying the OTP box is uneditable not comfortable for sim card on my second phone
967,Great!,5,2023-07-22,Bank of Abyssinia,POSITIVE,0.9998692274093628,Feature Request / General,0,1,True,en,Great!
968,Too slow,5,2023-07-22,Bank of Abyssinia,NEGATIVE,0.0004994869232177,Transaction Performance,0,2,True,en,Too slow
969,"What the hell is this, after a long time u cameup with an app wc cannot accept verification code!? What happen to the previous app? Where is CICD here u down and give us another version.?So rude !",1,2023-07-22,Bank of Abyssinia,NEGATIVE,0.0002005696296691,Account Access,1,38,False,en,"What the hell is this, after a long time u cameup with an app wc cannot accept verification code!? What happen to the previous app? Where is CICD here u down and give us another version.?So rude !"
970,This is the most worest app.,1,2023-07-22,Bank of Abyssinia,NEGATIVE,0.4419863820075989,Feature Request / General,0,6,False,en,This is the most worest app.
971,Ambition,5,2023-07-22,Bank of Abyssinia,POSITIVE,0.999054491519928,Feature Request / General,0,1,True,en,Ambition
972,Worst mobile banking app please update again,1,2023-07-21,Bank of Abyssinia,NEGATIVE,0.0002530217170715,Feature Request / General,0,7,False,en,Worst mobile banking app please update again
973,Mobile bankachu mnm tekem yelewum bitatefut yishalal balance ayasayem mnm ngr ena ye durowu mobile bankachu app nw tru hulun ngr update karegachu buhala motual yistekakel,1,2023-07-21,Bank of Abyssinia,NEGATIVE,0.0053178668022155,Feature Request / General,0,26,False,en,Mobile bankachu mnm tekem yelewum bitatefut yishalal balance ayasayem mnm ngr ena ye durowu mobile bankachu app nw tru hulun ngr update karegachu buhala motual yistekakel
974,አይሰራም የተወሰነ ፕሮሰስ ካደረገ በሃላ እስታክ ያደርጋል,1,2023-07-21,Bank of Abyssinia,NEUTRAL,0.0,Feature Request / General,0,7,False,am,"It doesn't work, if it does some processing, it will stack"
975,This app doesn't expected from Abyssinia It doesn't work properly so improve it before launching it.,1,2023-07-21,Bank of Abyssinia,NEGATIVE,0.0009406208992004,Feature Request / General,0,16,False,en,This app doesn't expected from Abyssinia It doesn't work properly so improve it before launching it.
976,ከአቢሲኒያ ባንክ የማይጠበቅ ዝግመተ-ለውጡን ያልጨረሰ መተግበሪያ ነው። አንዴ ለመግባት እንዴት ጊዜ እንደሚወስድ አላያችሁትም ፣ ደግሞም ለማይሰራው ነገር። የንግድ ባንክ ፣ የአዋሽና የአባን መተግበሪያ አስተያዩትእስኪ??,1,2023-07-21,Bank of Abyssinia,POSITIVE,0.3939,Feature Request / General,0,24,False,am,"It's an evolving app that you can't expect from Abyssinia Bank. You don't see how it takes time to get in, even for something that doesn't work. Commercial Bank, Awashna Aban app, please comment??"
977,It's mobile banking is very slow to login and the app interfere is not attractive to access please fix it,1,2023-07-21,Bank of Abyssinia,NEGATIVE,0.0002320408821105,Account Access,1,20,False,en,It's mobile banking is very slow to login and the app interfere is not attractive to access please fix it
978,የማይሰራ አፕ ነው ባንካችሁ አሪፍ ቢሆነም ሞባይል ባንኪንግ በጣም ወደሆላ ናችሁ የተሻለ አፕ ለማምጣት ሞክሩ,1,2023-07-20,Bank of Abyssinia,POSITIVE,0.1779,Feature Request / General,0,15,False,am,"It's an app that doesn't work. Even if your bank is cool, mobile banking is too bad. Try to come up with a better app."
979,I need to access my account.,1,2023-07-20,Bank of Abyssinia,NEGATIVE,0.0007778406143188,Account Access,1,6,False,en,I need to access my account.
980,Not updated yet,1,2023-07-20,Bank of Abyssinia,NEGATIVE,0.0005023479461669,Feature Request / General,0,3,True,en,Not updated yet
981,"Wouldn't let me login because there was an update. So, was forced to update. The update didn't work. Went to the bank. After an hour of sitting, it got fixed. Stopped working again. Went there once more. They told me the update had a bug, and sent me the old version. Login works, but shows me zero balance on my accounts. Can't login yet again. Login just worked. Set pin and security questions. Logged in. Zero balance yet again. I think I've been abused enough. Thank you.",1,2023-07-20,Bank of Abyssinia,NEGATIVE,0.0009353756904602,Account Access,1,87,False,en,"Wouldn't let me login because there was an update. So, was forced to update. The update didn't work. Went to the bank. After an hour of sitting, it got fixed. Stopped working again. Went there once more. They told me the update had a bug, and sent me the old version. Login works, but shows me zero balance on my accounts. Can't login yet again. Login just worked. Set pin and security questions. Logged in. Zero balance yet again. I think I've been abused enough. Thank you."
982,sorry l don't expected this app for Abyssinia,1,2023-07-20,Bank of Abyssinia,NEGATIVE,0.0027291178703308,Feature Request / General,0,8,False,en,sorry l don't expected this app for Abyssinia
983,ያስጠላል አሻሽሉት,1,2023-07-20,Bank of Abyssinia,NEGATIVE,-0.3612,Feature Request / General,0,2,True,am,"It sucks, fix it"
984,the worst application! very hard to login! asks password again and again. Stupid application. ሆን ብለው እንዳይሰራ ያደረጉት ይመስለኛል፡፡,1,2023-07-20,Bank of Abyssinia,NEGATIVE,-0.8682,Account Access,1,19,False,am,the worst application! very hard to log in! asks password again and again. Stupid application. I think they made it not work on purpose.
985,Good,5,2023-07-19,Bank of Abyssinia,POSITIVE,0.999816119670868,Feature Request / General,0,1,True,en,Good
986,The worst app ever😒 its difficult to download And complicated to use And the app...my god super low quality Im going to download for the million time🙄,2,2023-07-19,Bank of Abyssinia,NEGATIVE,0.0001785159111022,Feature Request / General,0,27,False,en,The worst app ever😒 its difficult to download And complicated to use And the app...my god super low quality Im going to download for the million time🙄
987,It's great,5,2023-07-18,Bank of Abyssinia,POSITIVE,0.9998691082000732,Feature Request / General,0,2,True,en,It's great
988,It takes almost two minutes to login into account.too much busy makes frustrating,3,2023-07-18,Bank of Abyssinia,NEGATIVE,0.0005396008491516,Account Access,0,13,False,en,It takes almost two minutes to login into account.too much busy makes frustrating
989,"After login, it requested finger print authentication, the system doesn't work!",1,2023-07-18,Bank of Abyssinia,NEGATIVE,0.0002210736274719,Account Access,1,11,False,en,"After login, it requested finger print authentication, the system doesn't work!"
990,Best app,5,2023-07-18,Bank of Abyssinia,POSITIVE,0.999686598777771,Feature Request / General,0,2,True,en,Best app
991,The worst App ever 😫,1,2023-07-17,Bank of Abyssinia,NEGATIVE,0.0002011656761169,Feature Request / General,0,5,False,en,The worst App ever 😫
992,Not function,5,2023-07-17,Bank of Abyssinia,NEGATIVE,0.0005719065666198,Feature Request / General,0,2,True,en,Not function
993,"The most disturbing mobile banking app I've ever used. The app doesn't deserve to be BOA's mobile banking app. Don't even think about using this app, especially in an emergency. Everything about this app needs to be changed, just like other banks' apps. I wish there was a negative start to give for poor performance. Thank you very much.",1,2023-07-17,Bank of Abyssinia,NEGATIVE,0.0016840696334838,Feature Request / General,0,59,False,en,"The most disturbing mobile banking app I've ever used. The app doesn't deserve to be BOA's mobile banking app. Don't even think about using this app, especially in an emergency. Everything about this app needs to be changed, just like other banks' apps. I wish there was a negative start to give for poor performance. Thank you very much."
994,Bad bad bad,1,2023-07-16,Bank of Abyssinia,NEGATIVE,0.0002371668815612,Feature Request / General,0,3,True,en,Bad bad bad
995,it takes long time to log in and hard to instal,1,2023-07-16,Bank of Abyssinia,NEGATIVE,0.0010222196578979,Feature Request / General,0,11,False,en,it takes long time to log in and hard to instal
996,Good,5,2023-07-16,Bank of Abyssinia,POSITIVE,0.999816119670868,Feature Request / General,0,1,True,en,Good
997,😎😎,4,2023-07-15,Bank of Abyssinia,NEGATIVE,0.3029435276985168,Feature Request / General,0,1,True,en,😎😎
998,Poor,1,2023-07-14,Bank of Abyssinia,NEGATIVE,0.0002087950706481,Feature Request / General,0,1,True,en,Poor
999,የመጀመሪያው አፕ የተሻለ ነው ለማበልፀግ ብላቹ ጭራሽ ዘግታቹ አረፋቹ በሚባል ደረጃ አደረሳቹት::,1,2023-07-14,Bank of Abyssinia,POSITIVE,0.4404,Feature Request / General,0,12,False,am,"The first app is better, you never closed the bubbles to enrich it."
1000,The application booting time is so bad..,3,2026-05-12,Dashen Bank,NEGATIVE,0.0001905560493469,Feature Request / General,0,7,False,en,The application booting time is so bad..
1001,good,5,2026-05-12,Dashen Bank,POSITIVE,0.999816119670868,Feature Request / General,0,1,True,en,good
1002,excelent,5,2026-05-12,Dashen Bank,POSITIVE,0.9998672008514404,Feature Request / General,0,1,True,en,excelent
1003,this app is amaizing,5,2026-05-11,Dashen Bank,POSITIVE,0.9541443586349488,Feature Request / General,0,4,False,en,this app is amaizing
1004,fast and very easy to use,5,2026-05-11,Dashen Bank,POSITIVE,0.9995935559272766,UI & Design,0,6,False,en,fast and very easy to use
1005,good but it takes forever to load,4,2026-05-11,Dashen Bank,NEGATIVE,0.0725358724594116,Feature Request / General,0,7,False,en,good but it takes forever to load
1006,easy tp use.,5,2026-05-11,Dashen Bank,NEGATIVE,0.0532194972038269,UI & Design,0,3,True,en,easy tp use.
1007,best app i ever seen,5,2026-05-11,Dashen Bank,POSITIVE,0.999450147151947,Feature Request / General,0,5,False,en,best app i ever seen
1008,it is best but sometime when I need to sign in it request update,3,2026-05-10,Dashen Bank,NEGATIVE,0.003827154636383,Feature Request / General,0,14,False,en,it is best but sometime when I need to sign in it request update
1009,nice financial app 👌,5,2026-05-10,Dashen Bank,POSITIVE,0.9997125267982484,Feature Request / General,0,4,False,en,nice financial app 👌
1010,it is terrible and shame update request 3 times a month what is the matter with us?,1,2026-05-09,Dashen Bank,NEGATIVE,0.0008040070533752,Feature Request / General,0,17,False,en,it is terrible and shame update request 3 times a month what is the matter with us?
1011,good,5,2026-05-09,Dashen Bank,POSITIVE,0.999816119670868,Feature Request / General,0,1,True,en,good
1012,Dashen super app is the latest mobile banking.,5,2026-05-09,Dashen Bank,POSITIVE,0.9838573932647704,Feature Request / General,0,8,False,en,Dashen super app is the latest mobile banking.
1013,best but not staple suit and not fast,5,2026-05-09,Dashen Bank,NEGATIVE,0.0839976072311401,UI & Design,0,8,False,en,best but not staple suit and not fast
1014,best app,5,2026-05-09,Dashen Bank,POSITIVE,0.999686598777771,Feature Request / General,0,2,True,en,best app
1015,appn keessan kun daddafee update gaafata yeroo gootee garuu password block godhaa maallifi,5,2026-05-09,Dashen Bank,NEGATIVE,-0.5927,Account Access,0,13,False,om,Your app requires updates soon but when you do password block why
1016,"Dashen Supper up Dashen Bank ,Always one step ahead!",5,2026-05-08,Dashen Bank,POSITIVE,0.9975284934043884,Feature Request / General,0,9,False,en,"Dashen Supper up Dashen Bank ,Always one step ahead!"
1017,top mobile banking app,5,2026-05-08,Dashen Bank,POSITIVE,0.9976580142974854,Feature Request / General,0,4,False,en,top mobile banking app
1018,Thank you Dashen Bank,5,2026-05-08,Dashen Bank,POSITIVE,0.9997771382331848,Feature Request / General,0,4,False,en,Thank you Dashen Bank
1019,best app,5,2026-05-08,Dashen Bank,POSITIVE,0.999686598777771,Feature Request / General,0,2,True,en,best app
1020,dashin bank one step a head,5,2026-05-08,Dashen Bank,POSITIVE,0.9953054785728456,Feature Request / General,0,6,False,en,dashin bank one step a head
1021,Good,5,2026-05-08,Dashen Bank,POSITIVE,0.999816119670868,Feature Request / General,0,1,True,en,Good
1022,Nice,5,2026-05-08,Dashen Bank,POSITIVE,0.9998552799224854,Feature Request / General,0,1,True,en,Nice
1023,ምንም አይሰራም 🥹,5,2026-05-08,Dashen Bank,NEUTRAL,0.0,Feature Request / General,0,3,True,am,Nothing works 🥹
1024,nice bank,5,2026-05-08,Dashen Bank,POSITIVE,0.999805510044098,Feature Request / General,0,2,True,en,nice bank
1025,good app,5,2026-05-08,Dashen Bank,POSITIVE,0.9998493194580078,Feature Request / General,0,2,True,en,good app
1026,The best mobile super app in Ethiopia specifically I like it's User interface(UI),4,2026-05-08,Dashen Bank,POSITIVE,0.999785840511322,UI & Design,0,13,False,en,The best mobile super app in Ethiopia specifically I like it's User interface(UI)
1027,best app,5,2026-05-06,Dashen Bank,POSITIVE,0.999686598777771,Feature Request / General,0,2,True,en,best app
1028,Best app👍,5,2026-05-04,Dashen Bank,POSITIVE,0.9997019171714784,Feature Request / General,0,2,True,en,Best app👍
1029,yes goode app,5,2026-05-04,Dashen Bank,POSITIVE,0.9997490048408508,Feature Request / General,0,3,True,en,yes goode app
1030,very interesting,5,2026-05-03,Dashen Bank,POSITIVE,0.999863862991333,Feature Request / General,0,2,True,en,very interesting
1031,Wrong advertisement! You can't open an account using the app.,1,2026-05-01,Dashen Bank,NEGATIVE,0.0002792477607727,Account Access,1,10,False,en,Wrong advertisement! You can't open an account using the app.
1032,I like it,5,2026-05-01,Dashen Bank,POSITIVE,0.99985933303833,Feature Request / General,0,3,True,en,I like it
1033,best,5,2026-04-30,Dashen Bank,POSITIVE,0.9997941851615906,Feature Request / General,0,1,True,en,best
1034,I can't open a bank account It says 'something went wrong',5,2026-04-30,Dashen Bank,NEGATIVE,0.0002952218055725,Account Access,0,11,False,en,I can't open a bank account It says 'something went wrong'
1035,ok,5,2026-04-30,Dashen Bank,POSITIVE,0.9997851252555848,Feature Request / General,0,1,True,en,ok
1036,"👍👍 አሪፍ ነው ""ለአጠቃም ቀላል ምቹ እና አስተማማኝ ነው ተመችቶኛል 💚💛❤️",5,2026-04-30,Dashen Bank,POSITIVE,0.9623,Feature Request / General,0,11,False,am,"👍👍 It's great ""It's easy to use, convenient and reliable. I'm comfortable with it 💚💛❤️"
1037,no faset dashen bsnk,1,2026-04-29,Dashen Bank,NEGATIVE,0.0020248293876647,Feature Request / General,0,4,False,en,no faset dashen bsnk
1038,it forgets the password in weeks and the biometric password too it says wrong password fix it,1,2026-04-28,Dashen Bank,NEGATIVE,0.0005109310150146,Account Access,1,17,False,en,it forgets the password in weeks and the biometric password too it says wrong password fix it
1039,"Misguiding - Claimed people can convert ETB to USD for online payments, but not true.",1,2026-04-27,Dashen Bank,NEGATIVE,0.0022611618041992,Transaction Performance,1,15,False,en,"Misguiding - Claimed people can convert ETB to USD for online payments, but not true."
1040,good,5,2026-04-27,Dashen Bank,POSITIVE,0.999816119670868,Feature Request / General,0,1,True,en,good
1041,super,5,2026-04-27,Dashen Bank,POSITIVE,0.998783528804779,Feature Request / General,0,1,True,en,super
1042,"I can't even get into the app just because my Developer mode setting is turned on? why am I getting this message? I'm never turning it off. bye, what a great app😏, it only lasted 3 minutes on my phone (I uninstalled it).",1,2026-04-26,Dashen Bank,NEGATIVE,0.0235541462898254,Feature Request / General,0,43,False,en,"I can't even get into the app just because my Developer mode setting is turned on? why am I getting this message? I'm never turning it off. bye, what a great app😏, it only lasted 3 minutes on my phone (I uninstalled it)."
1043,good,5,2026-04-26,Dashen Bank,POSITIVE,0.999816119670868,Feature Request / General,0,1,True,en,good
1044,wowAmazing Apps,5,2026-04-26,Dashen Bank,POSITIVE,0.9864983558654784,Feature Request / General,0,2,True,en,wowAmazing Apps
1045,great app,5,2026-04-26,Dashen Bank,POSITIVE,0.999821126461029,Feature Request / General,0,2,True,en,great app
1046,couldn't open an account onlie. gives me an error repeatedly.,2,2026-04-26,Dashen Bank,NEGATIVE,0.0003390312194824,Account Access,1,10,False,en,couldn't open an account onlie. gives me an error repeatedly.
1047,I think this app is best compared with other Ethiopian mobile banking apps,5,2026-04-25,Dashen Bank,POSITIVE,0.7261399626731873,Feature Request / General,0,13,False,en,I think this app is best compared with other Ethiopian mobile banking apps
1048,wow amazing!!!,5,2026-04-24,Dashen Bank,POSITIVE,0.9998672008514404,Feature Request / General,0,2,True,en,wow amazing!!!
1049,dashen bank super app is incredible !!,3,2026-04-24,Dashen Bank,POSITIVE,0.9998584985733032,Feature Request / General,0,7,False,en,dashen bank super app is incredible !!
1050,So great easy wonderfully 😍😍😍,5,2026-04-24,Dashen Bank,POSITIVE,0.999890685081482,UI & Design,0,5,False,en,So great easy wonderfully 😍😍😍
1051,good,5,2026-04-24,Dashen Bank,POSITIVE,0.999816119670868,Feature Request / General,0,1,True,en,good
1052,nice,5,2026-04-24,Dashen Bank,POSITIVE,0.9998552799224854,Feature Request / General,0,1,True,en,nice
1053,Dashen app is #1,5,2026-04-23,Dashen Bank,POSITIVE,0.9914819002151488,Feature Request / General,0,4,False,en,Dashen app is #1
1054,cool app,3,2026-04-23,Dashen Bank,POSITIVE,0.999824583530426,Feature Request / General,0,2,True,en,cool app
1055,👍,5,2026-04-23,Dashen Bank,NEGATIVE,0.3029435276985168,Feature Request / General,0,1,True,en,👍
1056,super app give alot coin when I shake it zero result😃,1,2026-04-23,Dashen Bank,NEGATIVE,0.0153489112854003,Feature Request / General,0,11,False,en,super app give alot coin when I shake it zero result😃
1057,I realy appreciate it especially virtual card opportunity go a head!👍👍,5,2026-04-23,Dashen Bank,POSITIVE,0.9994524121284484,Feature Request / General,0,11,False,en,I realy appreciate it especially virtual card opportunity go a head!👍👍
1058,ok👌,5,2026-04-23,Dashen Bank,NEGATIVE,0.3029435276985168,Feature Request / General,0,1,True,en,ok👌
1059,adegn,5,2026-04-23,Dashen Bank,POSITIVE,0.858145534992218,Feature Request / General,0,1,True,en,adegn
1060,app size is small and the app is convenient,5,2026-04-22,Dashen Bank,POSITIVE,0.9492028951644896,Feature Request / General,0,9,False,en,app size is small and the app is convenient
1061,when compared this app to CBE&Awash pro CBE&Awash pro is better and simple for using.,1,2026-04-22,Dashen Bank,POSITIVE,0.7759408354759216,Feature Request / General,0,15,False,en,when compared this app to CBE&Awash pro CBE&Awash pro is better and simple for using.
1062,I used this app always,5,2026-04-22,Dashen Bank,POSITIVE,0.9060997366905212,Feature Request / General,0,5,False,en,I used this app always
1063,good bank Dashen,5,2026-04-22,Dashen Bank,POSITIVE,0.9998553991317748,Feature Request / General,0,3,True,en,good bank Dashen
1064,Very reliable.,5,2026-04-22,Dashen Bank,POSITIVE,0.999863624572754,Feature Request / General,0,2,True,en,Very reliable.
1065,Good app,5,2026-04-22,Dashen Bank,POSITIVE,0.9998493194580078,Feature Request / General,0,2,True,en,Good app
1066,it is excellent and well securried application for using it.,5,2026-04-19,Dashen Bank,POSITIVE,0.9995300769805908,Feature Request / General,0,10,False,en,it is excellent and well securried application for using it.
1067,The worst mobile banking app ever... I don't think I am ever going to deposit anything from now on if I can't use the app properly. At one point it's working and when you close it and try after 5 minutes it won't even open. A bank this big should be ashamed of not being able to fix it for this long.,1,2026-04-18,Dashen Bank,NEGATIVE,0.0002126097679138,Feature Request / General,0,62,False,en,The worst mobile banking app ever... I don't think I am ever going to deposit anything from now on if I can't use the app properly. At one point it's working and when you close it and try after 5 minutes it won't even open. A bank this big should be ashamed of not being able to fix it for this long.
1068,amazing,5,2026-04-18,Dashen Bank,POSITIVE,0.999875545501709,Feature Request / General,0,1,True,en,amazing
1069,good,5,2026-04-18,Dashen Bank,POSITIVE,0.999816119670868,Feature Request / General,0,1,True,en,good
1070,"i am not interested at all the transaction fee , specially i can't make transaction with wallets..........i thought it was cool ....not interested fix everything and also it have long time loading ufffff",2,2026-04-18,Dashen Bank,NEGATIVE,0.0011317729949951,Transaction Performance,1,33,False,en,"i am not interested at all the transaction fee , specially i can't make transaction with wallets..........i thought it was cool ....not interested fix everything and also it have long time loading ufffff"
1071,The app is not swift and does not use a fast lightweight connection.,2,2026-04-17,Dashen Bank,NEGATIVE,0.0010527968406677,Feature Request / General,0,13,False,en,The app is not swift and does not use a fast lightweight connection.
1072,"I am experiencing a serious issue with the Dashen Super App. I visited a branch and my account was successfully activated. However, shortly after (within about 7 hours), the app started asking me again to visit the branch. In addition, my account balance is not showing even after updating the app, and I can no longer see my account number. This situation is very frustrating, especially after completing the required verification at the branch. The system does not seem stable and it is affecting",1,2026-04-16,Dashen Bank,NEGATIVE,0.0026278495788574,Account Access,1,84,False,en,"I am experiencing a serious issue with the Dashen Super App. I visited a branch and my account was successfully activated. However, shortly after (within about 7 hours), the app started asking me again to visit the branch. In addition, my account balance is not showing even after updating the app, and I can no longer see my account number. This situation is very frustrating, especially after completing the required verification at the branch. The system does not seem stable and it is affecting"
1073,nice but i ask every week to update.,5,2026-04-16,Dashen Bank,POSITIVE,0.791903555393219,Feature Request / General,0,8,False,en,nice but i ask every week to update.
1074,ok,5,2026-04-15,Dashen Bank,POSITIVE,0.9997851252555848,Feature Request / General,0,1,True,en,ok
1075,i have used this app starting from the first date that launched it is interested and easiest app next to tellbirr in my experience,5,2026-04-11,Dashen Bank,POSITIVE,0.9760836362838744,Feature Request / General,0,24,False,en,i have used this app starting from the first date that launched it is interested and easiest app next to tellbirr in my experience
1076,The worst mobile banking app in Ethiopia🤮🤮🤮,1,2026-04-10,Dashen Bank,NEGATIVE,0.0002134442329406,Feature Request / General,0,7,False,en,The worst mobile banking app in Ethiopia🤮🤮🤮
1077,it is very Exciting app🙏,5,2026-04-09,Dashen Bank,POSITIVE,0.999837040901184,Feature Request / General,0,5,False,en,it is very Exciting app🙏
1078,Transfer to other bank link is still not working .,5,2026-04-09,Dashen Bank,NEGATIVE,0.000403344631195,Transaction Performance,0,10,False,en,Transfer to other bank link is still not working .
1079,super fast,5,2026-04-08,Dashen Bank,POSITIVE,0.9992691874504088,Feature Request / General,0,2,True,en,super fast
1080,👌👌👌👌,5,2026-04-08,Dashen Bank,NEGATIVE,0.3029435276985168,Feature Request / General,0,1,True,en,👌👌👌👌
1081,it is not working,1,2026-04-07,Dashen Bank,NEGATIVE,0.0002278685569763,Feature Request / General,0,4,False,en,it is not working
1082,where is the virtual master card you are talking about. are we allowed to have multiple cards since its virtual btw your app is nice,5,2026-04-06,Dashen Bank,POSITIVE,0.9869652986526488,Feature Request / General,0,25,False,en,where is the virtual master card you are talking about. are we allowed to have multiple cards since its virtual btw your app is nice
1083,Why haven’t you fixed this issue 👇 Temporarily Unavailable We're currently updating this service to improve your experience. It will be restored soon. Thank you for your patience,4,2026-04-06,Dashen Bank,POSITIVE,0.9689526557922364,Customer Support,0,28,False,en,Why haven’t you fixed this issue 👇 Temporarily Unavailable We're currently updating this service to improve your experience. It will be restored soon. Thank you for your patience
1084,The Best Bank,5,2026-04-05,Dashen Bank,POSITIVE,0.9998573064804076,Feature Request / General,0,3,True,en,The Best Bank
1085,great,5,2026-04-04,Dashen Bank,POSITIVE,0.9998630285263062,Feature Request / General,0,1,True,en,great
1086,this dashin super app that I don't recommend anyone use it,1,2026-04-04,Dashen Bank,POSITIVE,0.5614723563194275,Feature Request / General,0,11,False,en,this dashin super app that I don't recommend anyone use it
1087,በዋይፋይ አይሰራም።,1,2026-04-04,Dashen Bank,NEUTRAL,0.0,Feature Request / General,0,2,True,am,It doesn't work with WiFi.
1088,there is no a system every day,1,2026-04-04,Dashen Bank,NEGATIVE,0.0069918632507324,Feature Request / General,0,7,False,en,there is no a system every day
1089,You talk much more !! Nothing is UNIQUE THAN OTHER APPS!!!,1,2026-04-04,Dashen Bank,NEGATIVE,0.0038497447967529,Feature Request / General,0,11,False,en,You talk much more !! Nothing is UNIQUE THAN OTHER APPS!!!
1090,good,4,2026-04-01,Dashen Bank,POSITIVE,0.999816119670868,Feature Request / General,0,1,True,en,good
1091,nice app,4,2026-04-01,Dashen Bank,POSITIVE,0.9998061060905457,Feature Request / General,0,2,True,en,nice app
1092,"The app is grand. but it's missing two things. one is the option to see exchange rates and the other is, when opening the app we would love it if there is the option to input your biometrics directly instead of clicking another button to pop it up.",5,2026-03-31,Dashen Bank,NEGATIVE,0.0033732652664184,Feature Request / General,0,48,False,en,"The app is grand. but it's missing two things. one is the option to see exchange rates and the other is, when opening the app we would love it if there is the option to input your biometrics directly instead of clicking another button to pop it up."
1093,i got question why we can't withdraw my remaining 50 birr..... anyother bank let me with draw any amount but dashnbank is kinda of annoying it says it has 50 has to remain are u somekind of theif or tell me how to fix this😡😡,1,2026-03-28,Dashen Bank,NEGATIVE,0.0005865097045898,Feature Request / General,0,45,False,en,i got question why we can't withdraw my remaining 50 birr..... anyother bank let me with draw any amount but dashnbank is kinda of annoying it says it has 50 has to remain are u somekind of theif or tell me how to fix this😡😡
1094,very good,5,2026-03-25,Dashen Bank,POSITIVE,0.9998520612716676,Feature Request / General,0,2,True,en,very good
1095,ምርጥ ነው።,5,2026-03-22,Dashen Bank,POSITIVE,0.6369,Feature Request / General,0,2,True,am,It's the best.
1096,👍🏿good,5,2026-03-21,Dashen Bank,NEGATIVE,0.3029435276985168,Feature Request / General,0,1,True,en,👍🏿good
1097,amaizing app,5,2026-03-17,Dashen Bank,POSITIVE,0.97023743391037,Feature Request / General,0,2,True,en,amaizing app
1098,💯,5,2026-03-17,Dashen Bank,NEGATIVE,0.3029435276985168,Feature Request / General,0,1,True,en,💯
1099,best option,5,2026-03-16,Dashen Bank,POSITIVE,0.9991809725761414,Feature Request / General,0,2,True,en,best option
1100,good,5,2026-03-14,Dashen Bank,POSITIVE,0.999816119670868,Feature Request / General,0,1,True,en,good
1101,like 🥰,5,2026-03-12,Dashen Bank,POSITIVE,0.8794329762458801,Feature Request / General,0,2,True,en,like 🥰
1102,worst application,1,2026-03-11,Dashen Bank,NEGATIVE,0.0002163052558898,Feature Request / General,0,2,True,en,worst application
1103,best,5,2026-03-10,Dashen Bank,POSITIVE,0.9997941851615906,Feature Request / General,0,1,True,en,best
1104,Excellent,5,2026-03-08,Dashen Bank,POSITIVE,0.9998434782028198,Feature Request / General,0,1,True,en,Excellent
1105,so funy,5,2026-03-08,Dashen Bank,POSITIVE,0.9998538494110109,Feature Request / General,0,2,True,en,so funy
1106,Good luck 👍 for my ambition ✔️💯%,4,2026-03-08,Dashen Bank,POSITIVE,0.9997989535331726,Feature Request / General,0,7,False,en,Good luck 👍 for my ambition ✔️💯%
1107,good job,4,2026-03-07,Dashen Bank,POSITIVE,0.999835729598999,Feature Request / General,0,2,True,en,good job
1108,ዳሸን ሱፐር አፕ ይለያል,5,2026-03-07,Dashen Bank,POSITIVE,0.5994,Feature Request / General,0,4,False,am,Dashen Super Up separates
1109,Nice,4,2026-03-06,Dashen Bank,POSITIVE,0.9998552799224854,Feature Request / General,0,1,True,en,Nice
1110,ሁሌ አይሰራም መሽከርከር ብቻ ባላንስ አያሳይ ትራንስፈር አይሰራ አፑ ራሱ አይከፍት ብር ይቆርጣል እንጂ አይልክ ። ወሬ ብቻ 4 ወር አየውት ወሬ ቲሽ,1,2026-03-05,Dashen Bank,NEGATIVE,-0.296,Transaction Performance,1,23,False,am,"It doesn't work all the time, it just rotates, it doesn't show the balance, the transfer doesn't work, the app doesn't open itself, it cuts the money, it doesn't send. Just a rumor, I saw it for 4 months"
1111,dashen bank super up,5,2026-03-05,Dashen Bank,POSITIVE,0.998670220375061,Feature Request / General,0,4,False,en,dashen bank super up
1112,good but not fast,1,2026-03-03,Dashen Bank,POSITIVE,0.9994268417358398,Feature Request / General,0,4,False,en,good but not fast
1113,it works all we need but if there is good internet connection.,3,2026-03-01,Dashen Bank,NEGATIVE,0.0228670835494995,Feature Request / General,0,12,False,en,it works all we need but if there is good internet connection.
1114,birhanu debebe getahuu,5,2026-02-27,Dashen Bank,NEUTRAL,0.0,Feature Request / General,0,3,True,om,birhanu debebe isn't following anyone. Autodesk_new
1115,waw,5,2026-02-27,Dashen Bank,NEGATIVE,0.2653828263282776,Feature Request / General,0,1,True,en,waw
1116,yes waw,5,2026-02-26,Dashen Bank,POSITIVE,0.9970489144325256,Feature Request / General,0,2,True,en,yes waw
1117,I use this app it's best,5,2026-02-25,Dashen Bank,POSITIVE,0.9996119141578674,Feature Request / General,0,6,False,en,I use this app it's best
1118,"What's the problem with VPN?, i use a local VPN and turning that off for this app sucks",1,2026-02-25,Dashen Bank,NEGATIVE,0.0003491640090942,Feature Request / General,0,18,False,en,"What's the problem with VPN?, i use a local VPN and turning that off for this app sucks"
1119,Thank you. Very nice App.,5,2026-02-25,Dashen Bank,POSITIVE,0.999857783317566,Feature Request / General,0,5,False,en,Thank you. Very nice App.
1120,very important,5,2026-02-23,Dashen Bank,POSITIVE,0.999772608280182,Feature Request / General,0,2,True,en,very important
1121,"Dashen Bank SuperApp is user‑friendly, fast, and very convenient for daily banking. Transactions are smooth, and the app keeps improving with useful features. A great digital banking experience overall highly recommended.",5,2026-02-23,Dashen Bank,POSITIVE,0.9996473789215088,Transaction Performance,0,31,False,en,"Dashen Bank SuperApp is user‑friendly, fast, and very convenient for daily banking. Transactions are smooth, and the app keeps improving with useful features. A great digital banking experience overall highly recommended."
1122,Biometrc authentication is not working in this updated version.,3,2026-02-23,Dashen Bank,NEGATIVE,0.0003613233566284,Feature Request / General,0,9,False,en,Biometrc authentication is not working in this updated version.
1123,perfect,5,2026-02-21,Dashen Bank,POSITIVE,0.9998517036437988,Feature Request / General,0,1,True,en,perfect
1124,ok,5,2026-02-20,Dashen Bank,POSITIVE,0.9997851252555848,Feature Request / General,0,1,True,en,ok
1125,One of the best in Ethiopia,5,2026-02-20,Dashen Bank,POSITIVE,0.9998559951782228,Feature Request / General,0,6,False,en,One of the best in Ethiopia
1126,Mostly slow or doesn't open altogether. A clumsy app,2,2026-02-16,Dashen Bank,NEGATIVE,0.0002474188804626,Transaction Performance,1,9,False,en,Mostly slow or doesn't open altogether. A clumsy app
1127,"This is painfully very slow to load, switch between accounts and check balances.",1,2026-02-13,Dashen Bank,NEGATIVE,0.0002277493476867,Account Access,1,13,False,en,"This is painfully very slow to load, switch between accounts and check balances."
1128,Nice,5,2026-02-10,Dashen Bank,POSITIVE,0.9998552799224854,Feature Request / General,0,1,True,en,Nice
1129,"the app used to work fine, but the last update ruined something even RTGS transfer isn't working",2,2026-02-10,Dashen Bank,NEGATIVE,0.0002705454826354,Transaction Performance,1,17,False,en,"the app used to work fine, but the last update ruined something even RTGS transfer isn't working"
1130,The app is good but sometimes it is lagging,4,2026-02-09,Dashen Bank,NEGATIVE,0.0033130049705505,Feature Request / General,0,9,False,en,The app is good but sometimes it is lagging
1131,please fix the glitch it has bug,3,2026-02-09,Dashen Bank,NEGATIVE,0.0011926889419555,Feature Request / General,0,7,False,en,please fix the glitch it has bug
1132,Problem Everyday! Not even close to other banking apps. Crashing every time and failed to load most of the time!,1,2026-02-09,Dashen Bank,NEGATIVE,0.0002692341804504,Transaction Performance,1,20,False,en,Problem Everyday! Not even close to other banking apps. Crashing every time and failed to load most of the time!
1133,This is the worst mobile banking app I've ever used 😡 please improve it.,1,2026-02-07,Dashen Bank,NEGATIVE,0.0002147555351257,Feature Request / General,0,14,False,en,This is the worst mobile banking app I've ever used 😡 please improve it.
1134,The most realistic and modernized financial service in ethiopia i recommend every individual to use this application probably. Always one step ahed 💯,5,2026-02-03,Dashen Bank,POSITIVE,0.9914542436599731,Customer Support,0,23,False,en,The most realistic and modernized financial service in ethiopia i recommend every individual to use this application probably. Always one step ahed 💯
1135,It's very interesting,5,2026-02-02,Dashen Bank,POSITIVE,0.9998812675476074,Feature Request / General,0,3,True,en,It's very interesting
1136,"The most unreliable, frustrating and worst app I have ever used! imagine being in a restaurant and trying paying bills, but not processing! It is the time you will deeply understand what reliability means.",1,2026-02-01,Dashen Bank,NEGATIVE,0.008386492729187,Feature Request / General,0,34,False,en,"The most unreliable, frustrating and worst app I have ever used! imagine being in a restaurant and trying paying bills, but not processing! It is the time you will deeply understand what reliability means."
1137,"the amount of times I have gone to the bank to get this thing working is a lot. on top of that, it stops working on a random day which means another bank visit. found it to be unreliable",1,2026-01-31,Dashen Bank,NEGATIVE,0.0004326701164245,Feature Request / General,0,39,False,en,"the amount of times I have gone to the bank to get this thing working is a lot. on top of that, it stops working on a random day which means another bank visit. found it to be unreliable"
1138,"Disgusting! You can't Buy any goods thinking you will transfer from this app. it is so inconsistent, it is not reliable. The so Called Super app is Super slow. Such a shame! 2/10.",1,2026-01-31,Dashen Bank,NEGATIVE,0.0001835227012634,Transaction Performance,1,33,False,en,"Disgusting! You can't Buy any goods thinking you will transfer from this app. it is so inconsistent, it is not reliable. The so Called Super app is Super slow. Such a shame! 2/10."
1139,መልክ ብቻ,1,2026-01-31,Dashen Bank,NEUTRAL,0.0,UI & Design,0,2,True,am,Appearance only
1140,"The app is great but please, please do something with the mini statement and the transactions to CBE 🙏🙏🙏",2,2026-01-31,Dashen Bank,POSITIVE,0.9792090654373168,Transaction Performance,1,19,False,en,"The app is great but please, please do something with the mini statement and the transactions to CBE 🙏🙏🙏"
1141,please the app is not working properly. fix this problem soon. it's not loading my balance and not able to transfer fund .,3,2026-01-30,Dashen Bank,NEGATIVE,0.0002056956291198,Transaction Performance,0,23,False,en,please the app is not working properly. fix this problem soon. it's not loading my balance and not able to transfer fund .
1142,other bank and telebirr didn't work. Niged Bank is much better,1,2026-01-30,Dashen Bank,NEGATIVE,0.0045887827873229,Feature Request / General,0,11,False,en,other bank and telebirr didn't work. Niged Bank is much better
1143,It is so boring.....,1,2026-01-30,Dashen Bank,NEGATIVE,0.0001794695854187,Feature Request / General,0,4,False,en,It is so boring.....
1144,"It is the slowest and most problematic app I have used. The app is often busy and does not open properly. Even when it opens, it fails to display my deposit account balance. I have already updated the app, but the issue is still the same. Dashen, please wake up and fix this.",1,2026-01-30,Dashen Bank,NEGATIVE,0.000387966632843,Account Access,1,53,False,en,"It is the slowest and most problematic app I have used. The app is often busy and does not open properly. Even when it opens, it fails to display my deposit account balance. I have already updated the app, but the issue is still the same. Dashen, please wake up and fix this."
1145,stops working when you need it most.... and its on multiple occasions. and they won't even fix it right away.,1,2026-01-30,Dashen Bank,NEGATIVE,0.0002078413963317,Feature Request / General,0,20,False,en,stops working when you need it most.... and its on multiple occasions. and they won't even fix it right away.
1146,"This app is so laggy and unreliable, can't even make transaction to wallet or other bank. I tried to reinstall the app now i can't even login to the app",1,2026-01-30,Dashen Bank,NEGATIVE,0.0002861618995666,Account Access,1,30,False,en,"This app is so laggy and unreliable, can't even make transaction to wallet or other bank. I tried to reinstall the app now i can't even login to the app"
1147,yes it's the best app,5,2026-01-29,Dashen Bank,POSITIVE,0.9998488426208496,Feature Request / General,0,5,False,en,yes it's the best app
1148,please improve the app function on its not working properly,3,2026-01-29,Dashen Bank,NEGATIVE,0.0006256699562072,Feature Request / General,0,10,False,en,please improve the app function on its not working properly
1149,good,5,2026-01-27,Dashen Bank,POSITIVE,0.999816119670868,Feature Request / General,0,1,True,en,good
1150,best,5,2026-01-26,Dashen Bank,POSITIVE,0.9997941851615906,Feature Request / General,0,1,True,en,best
1151,my dashen is really proud,5,2026-01-24,Dashen Bank,POSITIVE,0.999880075454712,Feature Request / General,0,5,False,en,my dashen is really proud
1152,the new update asks for a pin again & again its annoying fix it,1,2026-01-24,Dashen Bank,NEGATIVE,0.0007357001304626,Feature Request / General,0,14,False,en,the new update asks for a pin again & again its annoying fix it
1153,very nice,5,2026-01-23,Dashen Bank,POSITIVE,0.9998563528060912,Feature Request / General,0,2,True,en,very nice
1154,best,5,2026-01-23,Dashen Bank,POSITIVE,0.9997941851615906,Feature Request / General,0,1,True,en,best
1155,the best design speed attractive 😍 i love this app,5,2026-01-21,Dashen Bank,POSITIVE,0.9998194575309752,Transaction Performance,0,10,False,en,the best design speed attractive 😍 i love this app
1156,Good 👍,5,2026-01-21,Dashen Bank,POSITIVE,0.9998576641082764,Feature Request / General,0,2,True,en,Good 👍
1157,"The user interface and functions are impressive. However, it lags when performing several transactions. It needs attention.",3,2026-01-21,Dashen Bank,NEGATIVE,0.0022503733634948,Transaction Performance,0,17,False,en,"The user interface and functions are impressive. However, it lags when performing several transactions. It needs attention."
1158,it's fast and easy,4,2026-01-20,Dashen Bank,POSITIVE,0.9996040463447572,UI & Design,0,4,False,en,it's fast and easy
1159,best in class bank,5,2026-01-20,Dashen Bank,POSITIVE,0.9998028874397278,Feature Request / General,0,4,False,en,best in class bank
1160,it's good,5,2026-01-20,Dashen Bank,POSITIVE,0.9998360872268676,Feature Request / General,0,2,True,en,it's good
1161,Masha Allah this application platform very active and fast so thank you so much future greater than above transaction other customers uster satisfaction regarding to digitalization of Ethiopia 2030 and world 🌎,5,2026-01-19,Dashen Bank,POSITIVE,0.9991249442100524,Transaction Performance,0,32,False,en,Masha Allah this application platform very active and fast so thank you so much future greater than above transaction other customers uster satisfaction regarding to digitalization of Ethiopia 2030 and world 🌎
1162,worst bank ever ...,1,2026-01-19,Dashen Bank,NEGATIVE,0.0002264380455017,Feature Request / General,0,4,False,en,worst bank ever ...
1163,dashen: always one stepbahead!,5,2026-01-17,Dashen Bank,POSITIVE,0.9981977343559264,Feature Request / General,0,4,False,en,dashen: always one stepbahead!
1164,good app,5,2026-01-17,Dashen Bank,POSITIVE,0.9998493194580078,Feature Request / General,0,2,True,en,good app
1165,higher like the mountain,5,2026-01-16,Dashen Bank,POSITIVE,0.9990087747573853,Feature Request / General,0,4,False,en,higher like the mountain
1166,verynice app great,5,2026-01-16,Dashen Bank,NEGATIVE,0.0690240859985351,Feature Request / General,0,3,True,en,verynice app great
1167,Important App,4,2026-01-16,Dashen Bank,POSITIVE,0.9980806112289428,Feature Request / General,0,2,True,en,Important App
1168,ok,4,2026-01-16,Dashen Bank,POSITIVE,0.9997851252555848,Feature Request / General,0,1,True,en,ok
1169,please adjust to send to other telebirr wallet,4,2026-01-14,Dashen Bank,NEGATIVE,0.0032809376716613,Feature Request / General,0,8,False,en,please adjust to send to other telebirr wallet
1170,good,5,2026-01-12,Dashen Bank,POSITIVE,0.999816119670868,Feature Request / General,0,1,True,en,good
1171,ባንችአታላይ ቤዛዊ ትሸዊት ዳሽንባንክ,1,2026-01-10,Dashen Bank,NEUTRAL,0.0,Feature Request / General,0,4,False,am,Bankatalai Bezawi Tshwit Dashbank
1172,"Dashen supper app is fast ,secure, user-friendly and reliable app that makes managing my daily transaction .This app gives me total control over my accounts with peace of mind.",5,2026-01-09,Dashen Bank,POSITIVE,0.9996827840805054,Account Access,0,29,False,en,"Dashen supper app is fast ,secure, user-friendly and reliable app that makes managing my daily transaction .This app gives me total control over my accounts with peace of mind."
1173,this app good,5,2026-01-09,Dashen Bank,POSITIVE,0.9998284578323364,Feature Request / General,0,3,True,en,this app good
1174,The old version was much better than the Super App. The Super App has many issues. You should consider rewarding users who report problems to help improve it and truly make it Super,3,2026-01-08,Dashen Bank,POSITIVE,0.9039795994758606,Customer Support,0,33,False,en,The old version was much better than the Super App. The Super App has many issues. You should consider rewarding users who report problems to help improve it and truly make it Super
1175,THE WORST BANK. THE WORST APP.,1,2026-01-08,Dashen Bank,NEGATIVE,0.000203788280487,Feature Request / General,0,6,False,en,THE WORST BANK. THE WORST APP.
1176,nice app,5,2026-01-07,Dashen Bank,POSITIVE,0.9998061060905457,Feature Request / General,0,2,True,en,nice app
1177,best,5,2026-01-05,Dashen Bank,POSITIVE,0.9997941851615906,Feature Request / General,0,1,True,en,best
1178,satisfied,4,2026-01-03,Dashen Bank,POSITIVE,0.9997212290763856,Feature Request / General,0,1,True,en,satisfied
1179,Very bad app I ever saw,1,2026-01-02,Dashen Bank,NEGATIVE,0.0002296566963195,Feature Request / General,0,6,False,en,Very bad app I ever saw
1180,"Very disappointing app. Other bank transfers don’t work at all I keep getting errors. It’s slow, unreliable, and frustrating Please fix this issue until then, I don’t recommend it",1,2025-12-31,Dashen Bank,NEGATIVE,0.0003578662872314,Transaction Performance,1,29,False,en,"Very disappointing app. Other bank transfers don’t work at all I keep getting errors. It’s slow, unreliable, and frustrating Please fix this issue until then, I don’t recommend it"
1181,best 👌 app,5,2025-12-30,Dashen Bank,POSITIVE,0.999219298362732,Feature Request / General,0,3,True,en,best 👌 app
1182,"I have been trying repeatedly to send money to my Telebirr wallet and to another account, but your platform completely fails to process the transactions. This has been nothing but a waste of my time and patience. Your system is unreliable and clearly not working as it should. I also contacted your customer service, hoping for support, but they were useless and unprofessional. They showed zero interest in actually solving the problem and offered no meaningful help at all.👎👎👎",1,2025-12-28,Dashen Bank,NEGATIVE,0.0001835227012634,Account Access,1,79,False,en,"I have been trying repeatedly to send money to my Telebirr wallet and to another account, but your platform completely fails to process the transactions. This has been nothing but a waste of my time and patience. Your system is unreliable and clearly not working as it should. I also contacted your customer service, hoping for support, but they were useless and unprofessional. They showed zero interest in actually solving the problem and offered no meaningful help at all.👎👎👎"
1183,true app,5,2025-12-27,Dashen Bank,POSITIVE,0.9997144341468812,Feature Request / General,0,2,True,en,true app
1184,Waw dashen bank my frist choice 👍👍,5,2025-12-26,Dashen Bank,NEGATIVE,0.0109771490097045,Feature Request / General,0,7,False,en,Waw dashen bank my frist choice 👍👍
1185,Am satisfied more enough....with Dashen Bank,5,2025-12-26,Dashen Bank,POSITIVE,0.998382806777954,Feature Request / General,0,6,False,en,Am satisfied more enough....with Dashen Bank
1186,it is a pity that this apk is loosing it purpose and focus diverted. this days it is trash. amole is by far better in serving its purpose,1,2025-12-23,Dashen Bank,NEGATIVE,0.0005130767822265,Feature Request / General,0,28,False,en,it is a pity that this apk is loosing it purpose and focus diverted. this days it is trash. amole is by far better in serving its purpose
1187,telebirr suparapp,5,2025-12-22,Dashen Bank,NEGATIVE,0.0082691311836242,Feature Request / General,0,2,True,en,telebirr suparapp
1188,good,5,2025-12-22,Dashen Bank,POSITIVE,0.999816119670868,Feature Request / General,0,1,True,en,good
1189,Very good,5,2025-12-22,Dashen Bank,POSITIVE,0.9998520612716676,Feature Request / General,0,2,True,en,Very good
1190,"the most experienced app, so nice job dashen bank s.c .",5,2025-12-21,Dashen Bank,POSITIVE,0.998684585094452,Feature Request / General,0,11,False,en,"the most experienced app, so nice job dashen bank s.c ."
1191,it's good app I liked,5,2025-12-21,Dashen Bank,POSITIVE,0.9998655319213868,Feature Request / General,0,5,False,en,it's good app I liked
1192,"An interesting app; that is convenient, user friendly, fast & so on... w/c leads the banking services to be digitalized locally and be competitive globally at large. We'r proud of DB!!",5,2025-12-20,Dashen Bank,POSITIVE,0.9996577501296996,Customer Support,0,31,False,en,"An interesting app; that is convenient, user friendly, fast & so on... w/c leads the banking services to be digitalized locally and be competitive globally at large. We'r proud of DB!!"
1193,i love dashe supper up. keep up my bank,5,2025-12-19,Dashen Bank,POSITIVE,0.9996458292007446,Feature Request / General,0,9,False,en,i love dashe supper up. keep up my bank
1194,perfect,5,2025-12-18,Dashen Bank,POSITIVE,0.9998517036437988,Feature Request / General,0,1,True,en,perfect
1195,goood app,4,2025-12-17,Dashen Bank,NEGATIVE,0.0074679255485534,Feature Request / General,0,2,True,en,goood app
1196,Nice app.,5,2025-12-17,Dashen Bank,POSITIVE,0.9998321533203124,Feature Request / General,0,2,True,en,Nice app.
1197,nice,5,2025-12-16,Dashen Bank,POSITIVE,0.9998552799224854,Feature Request / General,0,1,True,en,nice
1198,dashing bank,5,2025-12-16,Dashen Bank,POSITIVE,0.9983722567558287,Feature Request / General,0,2,True,en,dashing bank
1199,it is amazing app and also secure,5,2025-12-16,Dashen Bank,POSITIVE,0.9998712539672852,Feature Request / General,0,7,False,en,it is amazing app and also secure
1200,This app is vey impressive,5,2025-12-15,Dashen Bank,POSITIVE,0.9997432827949524,Feature Request / General,0,5,False,en,This app is vey impressive
1201,very good,5,2025-12-14,Dashen Bank,POSITIVE,0.9998520612716676,Feature Request / General,0,2,True,en,very good
1202,Great app! Why doesn’t it include digital loan features? Adding this option would be very helpful for customers.,2,2025-12-14,Dashen Bank,POSITIVE,0.9777822494506836,Customer Support,0,18,False,en,Great app! Why doesn’t it include digital loan features? Adding this option would be very helpful for customers.
1203,great app,5,2025-12-13,Dashen Bank,POSITIVE,0.999821126461029,Feature Request / General,0,2,True,en,great app
1204,"Simple, updated and all enclosive so I prefer it🙏",5,2025-12-12,Dashen Bank,POSITIVE,0.9992971420288086,Feature Request / General,0,9,False,en,"Simple, updated and all enclosive so I prefer it🙏"
1205,Good,5,2025-12-12,Dashen Bank,POSITIVE,0.999816119670868,Feature Request / General,0,1,True,en,Good
1206,"great app,thanks dashen",5,2025-12-12,Dashen Bank,POSITIVE,0.9998488426208496,Feature Request / General,0,3,True,en,"great app,thanks dashen"
1207,good,5,2025-12-12,Dashen Bank,POSITIVE,0.999816119670868,Feature Request / General,0,1,True,en,good
1208,its good app,5,2025-12-12,Dashen Bank,POSITIVE,0.9998613595962524,Feature Request / General,0,3,True,en,its good app
1209,"The UI/UX appears well-designed, but it has some critical issues that need attention, such as the inability to display full transaction histories and the presence of numerous mini-apps within a single card view, making it difficult to locate individual mini-apps easily.",4,2025-12-11,Dashen Bank,NEGATIVE,0.0009254217147827,Transaction Performance,0,41,False,en,"The UI/UX appears well-designed, but it has some critical issues that need attention, such as the inability to display full transaction histories and the presence of numerous mini-apps within a single card view, making it difficult to locate individual mini-apps easily."
1210,best,5,2025-12-10,Dashen Bank,POSITIVE,0.9997941851615906,Feature Request / General,0,1,True,en,best
1211,well,5,2025-12-10,Dashen Bank,POSITIVE,0.9995703101158142,Feature Request / General,0,1,True,en,well
1212,it is so fantastic and user friendly app. Bravo Dashen bank thanks.,5,2025-12-09,Dashen Bank,POSITIVE,0.9998421669006348,Feature Request / General,0,12,False,en,it is so fantastic and user friendly app. Bravo Dashen bank thanks.
1213,good,5,2025-12-08,Dashen Bank,POSITIVE,0.999816119670868,Feature Request / General,0,1,True,en,good
1214,አፑ ቆንጆ ነው ለምንጅነው አሞሌ ላይ ያሉ እሱ ላይ የሌሉት?,3,2025-12-07,Dashen Bank,POSITIVE,0.5994,Feature Request / General,0,10,False,am,"The app is beautiful, why are the ones on the bar not on it?"
1215,ilike this app,5,2025-12-07,Dashen Bank,POSITIVE,0.9907252192497252,Feature Request / General,0,3,True,en,ilike this app
1216,it was perfect but sending money to telebirr isn't available,2,2025-12-06,Dashen Bank,NEGATIVE,0.0012351274490356,Transaction Performance,1,10,False,en,it was perfect but sending money to telebirr isn't available
1217,nice app,5,2025-12-05,Dashen Bank,POSITIVE,0.9998061060905457,Feature Request / General,0,2,True,en,nice app
1218,dashen super app easy to use,5,2025-12-05,Dashen Bank,POSITIVE,0.9918070435523988,UI & Design,0,6,False,en,dashen super app easy to use
1219,Dashen Bank always one step a head,5,2025-12-05,Dashen Bank,POSITIVE,0.9916804432868958,Feature Request / General,0,7,False,en,Dashen Bank always one step a head
1220,Not good,1,2025-12-05,Dashen Bank,NEGATIVE,0.0002110600471496,Feature Request / General,0,2,True,en,Not good
1221,why you always say update.,5,2025-12-04,Dashen Bank,NEGATIVE,0.2725855708122253,Feature Request / General,0,5,False,en,why you always say update.
1222,very good,5,2025-12-04,Dashen Bank,POSITIVE,0.9998520612716676,Feature Request / General,0,2,True,en,very good
1223,it's very expressive and fast and easy to Use.,5,2025-12-04,Dashen Bank,POSITIVE,0.9998639822006226,UI & Design,0,9,False,en,it's very expressive and fast and easy to Use.
1224,Dashn Bank is fast and easy,5,2025-12-04,Dashen Bank,POSITIVE,0.9990606904029846,UI & Design,0,6,False,en,Dashn Bank is fast and easy
1225,this bank is very nice to me,5,2025-12-04,Dashen Bank,POSITIVE,0.9997791647911072,Feature Request / General,0,7,False,en,this bank is very nice to me
1226,it's the best mobile banking app I ever seen,5,2025-12-04,Dashen Bank,POSITIVE,0.9997475743293762,Feature Request / General,0,9,False,en,it's the best mobile banking app I ever seen
1227,ምቹ እና ቀላል ምርጥ መተግበሪያ ነው ወድጄዋለሁ ።,5,2025-12-04,Dashen Bank,POSITIVE,0.765,Feature Request / General,0,8,False,am,"It's a great app, convenient and simple, I like it."
1228,than u,5,2025-12-03,Dashen Bank,POSITIVE,0.9647226929664612,Feature Request / General,0,2,True,en,than u
1229,Interesting App.,5,2025-12-03,Dashen Bank,POSITIVE,0.9997788071632384,Feature Request / General,0,2,True,en,Interesting App.
1230,it takes time to login. but after login its good but sometimes unexpected termination occur in which rises untrust to use usually the app. Because of this am forcely using other bank applications.,3,2025-12-03,Dashen Bank,NEGATIVE,0.0021070837974548,Account Access,0,33,False,en,it takes time to login. but after login its good but sometimes unexpected termination occur in which rises untrust to use usually the app. Because of this am forcely using other bank applications.
1231,good jop,5,2025-12-03,Dashen Bank,POSITIVE,0.9998409748077391,Feature Request / General,0,2,True,en,good jop
1232,I always receive excellent service & follow up. they strive to complete customer needs. they always available. I am totally happy with Dashen services given. Thanks. Blessings.,5,2025-12-03,Dashen Bank,POSITIVE,0.9998557567596436,Customer Support,0,27,False,en,I always receive excellent service & follow up. they strive to complete customer needs. they always available. I am totally happy with Dashen services given. Thanks. Blessings.
1233,ፍፁምውርቁያደቴ,5,2025-12-02,Dashen Bank,POSITIVE,0.836,Feature Request / General,0,1,True,am,Perfectly perfect
1234,ይህ መተግበሪያ በውስጡ የያዘው አገልግሎት ብጣም ጥሩ ነው ነገር ግን በሁሉም የሞባይል device ላይ ሲጫን እና transaction ስንሰራ በጣም ቀርፍፍ እና እዝጋሚ ነው በትንሽ Network መስራት እንዲችል አድርጋቹህ አበልፅጉት አስተካክሉት (customer),3,2025-12-02,Dashen Bank,POSITIVE,0.6183,Transaction Performance,0,31,False,am,"The service that this application contains is very good, but when it is installed on all mobile devices and when we do transactions, it is very slow and slow. Please make it work with a small network."
1235,exelent,5,2025-12-02,Dashen Bank,POSITIVE,0.9989122152328492,Feature Request / General,0,1,True,en,exelent
1236,Nice,5,2025-12-02,Dashen Bank,POSITIVE,0.9998552799224854,Feature Request / General,0,1,True,en,Nice
1237,nice,1,2025-12-02,Dashen Bank,POSITIVE,0.9998552799224854,Feature Request / General,0,1,True,en,nice
1238,BeREkT,1,2025-12-02,Dashen Bank,POSITIVE,0.9220847487449646,Feature Request / General,0,1,True,en,BeREkT
1239,good,5,2025-12-02,Dashen Bank,POSITIVE,0.999816119670868,Feature Request / General,0,1,True,en,good
1240,"the is always under mentenance, or temporarily unavailable and they're adding features no one is looking for at the cost of not being able to use the app in the first place.",1,2025-12-02,Dashen Bank,NEGATIVE,0.0005235075950622,UI & Design,0,32,False,en,"the is always under mentenance, or temporarily unavailable and they're adding features no one is looking for at the cost of not being able to use the app in the first place."
1241,Dashen bank is my first choice it's best bank for me and super app is easy to use anything and it's bery fast.,5,2025-12-02,Dashen Bank,POSITIVE,0.9956258535385132,UI & Design,0,23,False,en,Dashen bank is my first choice it's best bank for me and super app is easy to use anything and it's bery fast.
1242,"its Good App when we compare to others but when we enter our code,it takes too long to open the apps fix it please",4,2025-12-01,Dashen Bank,NEGATIVE,0.0024740099906921,Account Access,0,24,False,en,"its Good App when we compare to others but when we enter our code,it takes too long to open the apps fix it please"
1243,easy to use and comfortable.,5,2025-12-01,Dashen Bank,POSITIVE,0.999824583530426,UI & Design,0,5,False,en,easy to use and comfortable.
1244,best app,4,2025-12-01,Dashen Bank,POSITIVE,0.999686598777771,Feature Request / General,0,2,True,en,best app
1245,Great,5,2025-12-01,Dashen Bank,POSITIVE,0.9998630285263062,Feature Request / General,0,1,True,en,Great
1246,when u release update its always a problem,5,2025-12-01,Dashen Bank,NEGATIVE,0.0018128752708435,Feature Request / General,0,8,False,en,when u release update its always a problem
1247,primary choice,5,2025-12-01,Dashen Bank,POSITIVE,0.9975801706314088,Feature Request / General,0,2,True,en,primary choice
1248,its use friendly,4,2025-12-01,Dashen Bank,POSITIVE,0.9990565180778505,Feature Request / General,0,3,True,en,its use friendly
1249,"The apk need time to open the passward page immediately , and lagging.",1,2025-12-01,Dashen Bank,NEGATIVE,0.0002279877662658,Feature Request / General,0,13,False,en,"The apk need time to open the passward page immediately , and lagging."
1250,"this app is not good it's, access are limited and u guys are working only on it's graphics we need it for banking activities not for game. make it more active and better its dormant. i don't like it cbe is better than.",1,2025-11-30,Dashen Bank,NEGATIVE,0.0005887746810913,Account Access,1,43,False,en,"this app is not good it's, access are limited and u guys are working only on it's graphics we need it for banking activities not for game. make it more active and better its dormant. i don't like it cbe is better than."
1251,great app,5,2025-11-30,Dashen Bank,POSITIVE,0.999821126461029,Feature Request / General,0,2,True,en,great app
1252,good app,5,2025-11-30,Dashen Bank,POSITIVE,0.9998493194580078,Feature Request / General,0,2,True,en,good app
1253,very smart App easy to use and friendly,5,2025-11-29,Dashen Bank,POSITIVE,0.9998064637184144,UI & Design,0,8,False,en,very smart App easy to use and friendly
1254,Very exemplery App to other Bank Aps !,5,2025-11-29,Dashen Bank,NEGATIVE,0.0137579441070556,Feature Request / General,0,8,False,en,Very exemplery App to other Bank Aps !
1255,good,5,2025-11-29,Dashen Bank,POSITIVE,0.999816119670868,Feature Request / General,0,1,True,en,good
1256,It Is An Amazing app,4,2025-11-28,Dashen Bank,POSITIVE,0.9998793601989746,Feature Request / General,0,5,False,en,It Is An Amazing app
1257,"its fast and easy to communicate to the app and its available all area keep it up.i will make Happy for this application thank you dashen bank for your effort,commitment and dedication. i appricated your work.",5,2025-11-26,Dashen Bank,POSITIVE,0.999860405921936,UI & Design,0,36,False,en,"its fast and easy to communicate to the app and its available all area keep it up.i will make Happy for this application thank you dashen bank for your effort,commitment and dedication. i appricated your work."
1258,What do you care about my phone's settings? Who are you to tell me what to turn off and on? It is my phone after all. This *develoler option* thing will cost you a lot of users who are willing to leave the bank once and for all. Turn this thing off. 6 you fear this is a security issue fix your side not mine.,1,2025-11-25,Dashen Bank,NEGATIVE,0.0014137029647827,Feature Request / General,0,65,False,en,What do you care about my phone's settings? Who are you to tell me what to turn off and on? It is my phone after all. This *develoler option* thing will cost you a lot of users who are willing to leave the bank once and for all. Turn this thing off. 6 you fear this is a security issue fix your side not mine.
1259,Exceptional Product.,5,2025-11-23,Dashen Bank,POSITIVE,0.9998724460601808,Feature Request / General,0,2,True,en,Exceptional Product.
1260,very easy app,3,2025-11-23,Dashen Bank,POSITIVE,0.995521068572998,UI & Design,0,3,True,en,very easy app
1261,"The Dashen Super App is very impressive. It is fast, easy to use, and provides smooth access to all essential banking services. Money transfer, bill payment, balance check, and other features work efficiently without issues. The design is clean and user-friendly. Great step forward in digital banking — keep up the good work, Dashen Bank!..",5,2025-11-19,Dashen Bank,POSITIVE,0.9998127818107604,Account Access,0,55,False,en,"The Dashen Super App is very impressive. It is fast, easy to use, and provides smooth access to all essential banking services. Money transfer, bill payment, balance check, and other features work efficiently without issues. The design is clean and user-friendly. Great step forward in digital banking — keep up the good work, Dashen Bank!.."
1262,በጣም ፈጣን ሥቹ አስተማማኝ ወድጃዋለው,5,2025-11-18,Dashen Bank,POSITIVE,0.3612,Feature Request / General,0,5,False,am,I like it very fast and reliable
1263,"it's a really slow app, I'm not sure what the issue is. Even other bank transfers are not working",2,2025-11-18,Dashen Bank,NEGATIVE,0.0002018809318542,Transaction Performance,1,19,False,en,"it's a really slow app, I'm not sure what the issue is. Even other bank transfers are not working"
1264,"it say's disable developer option, i disabled it but its not working still",1,2025-11-17,Dashen Bank,NEGATIVE,0.0004800558090209,Feature Request / General,0,13,False,en,"it say's disable developer option, i disabled it but its not working still"
1265,with the super app evry thing i need is just a tap away,5,2025-11-17,Dashen Bank,NEGATIVE,0.0069931745529174,Feature Request / General,0,13,False,en,with the super app evry thing i need is just a tap away
1266,nice,5,2025-11-16,Dashen Bank,POSITIVE,0.9998552799224854,Feature Request / General,0,1,True,en,nice
1267,eyita tips,1,2025-11-15,Dashen Bank,NEUTRAL,0.0,Feature Request / General,0,2,True,om,it calls for tips
1268,clear and presize,5,2025-11-15,Dashen Bank,POSITIVE,0.9996238946914672,Feature Request / General,0,3,True,en,clear and presize
1269,smooth and easy!!!,5,2025-11-14,Dashen Bank,POSITIVE,0.9998213648796082,UI & Design,0,3,True,en,smooth and easy!!!
1270,I have had an amazing experience with this app;ot os convenient and easy to use,5,2025-11-14,Dashen Bank,POSITIVE,0.99716055393219,UI & Design,0,15,False,en,I have had an amazing experience with this app;ot os convenient and easy to use
1271,"All in One Super App with smooth navigation, transaction and lifestyle services",5,2025-11-14,Dashen Bank,POSITIVE,0.9918859004974364,Transaction Performance,0,12,False,en,"All in One Super App with smooth navigation, transaction and lifestyle services"
1272,Very nice App.,5,2025-11-14,Dashen Bank,POSITIVE,0.9998617172241212,Feature Request / General,0,3,True,en,Very nice App.
1273,system failure transfer to others account,2,2025-11-13,Dashen Bank,NEGATIVE,0.0011868476867675,Account Access,1,6,False,en,system failure transfer to others account
1274,thank you,1,2025-11-13,Dashen Bank,POSITIVE,0.9998352527618408,Feature Request / General,0,2,True,en,thank you
1275,"Only the UI/UX is good, but it doesn't function properly. It's a shame that a leading tech bank has such an app. Amole is far better.",1,2025-11-13,Dashen Bank,NEGATIVE,0.0021366477012634,UI & Design,0,26,False,en,"Only the UI/UX is good, but it doesn't function properly. It's a shame that a leading tech bank has such an app. Amole is far better."
1276,"excellent app. to use perfectlly to pay,transfer,tele airtime and so on.",5,2025-11-12,Dashen Bank,POSITIVE,0.9994845390319824,Transaction Performance,0,11,False,en,"excellent app. to use perfectlly to pay,transfer,tele airtime and so on."
1277,wow dashen bank super app,5,2025-11-12,Dashen Bank,POSITIVE,0.9992703795433044,Feature Request / General,0,5,False,en,wow dashen bank super app
1278,"This so-called “Super App” is a complete disappointment. It’s confusing, slow, and full of glitches honestly, it feels like it was designed to test people’s patience, not to help them bank. Calling it “super” is a joke; it’s one of the most useless apps I’ve ever used.",1,2025-11-11,Dashen Bank,NEGATIVE,0.0004451870918273,Transaction Performance,1,47,False,en,"This so-called “Super App” is a complete disappointment. It’s confusing, slow, and full of glitches honestly, it feels like it was designed to test people’s patience, not to help them bank. Calling it “super” is a joke; it’s one of the most useless apps I’ve ever used."
1279,very nice app I have ever seen,5,2025-11-10,Dashen Bank,POSITIVE,0.9998395442962646,Feature Request / General,0,7,False,en,very nice app I have ever seen
1280,NASTY BANK . EVEN THE SUPPER APP IS NOT WORKING WELL. WHEN I AM CALLING THEM THEY ARE NOT RESPONSE . PLEASE DON'T USE THIS APP BECAUSE YOU WILL LOSS YOU TIME ;ENERGY AND EVERYTHING . HOPELESS Bank .,1,2025-11-10,Dashen Bank,NEGATIVE,0.0002121329307556,Customer Support,0,39,False,en,NASTY BANK . EVEN THE SUPPER APP IS NOT WORKING WELL. WHEN I AM CALLING THEM THEY ARE NOT RESPONSE . PLEASE DON'T USE THIS APP BECAUSE YOU WILL LOSS YOU TIME ;ENERGY AND EVERYTHING . HOPELESS Bank .
1281,it's good but is not fast,5,2025-11-09,Dashen Bank,POSITIVE,0.9160584211349488,Feature Request / General,0,6,False,en,it's good but is not fast
1282,your financial system must improved,4,2025-11-09,Dashen Bank,POSITIVE,0.7152267694473267,Feature Request / General,0,5,False,en,your financial system must improved
1283,your service is too good,5,2025-11-09,Dashen Bank,POSITIVE,0.999098539352417,Customer Support,0,5,False,en,your service is too good
1284,good experience,5,2025-11-09,Dashen Bank,POSITIVE,0.9998599290847778,Feature Request / General,0,2,True,en,good experience
1285,ok,5,2025-11-08,Dashen Bank,POSITIVE,0.9997851252555848,Feature Request / General,0,1,True,en,ok
1286,"Amazing app, 👏",5,2025-11-07,Dashen Bank,POSITIVE,0.9997995495796204,Feature Request / General,0,3,True,en,"Amazing app, 👏"
1287,wooow,5,2025-11-07,Dashen Bank,NEGATIVE,0.0160825252532959,Feature Request / General,0,1,True,en,wooow
1288,Nice app,5,2025-11-07,Dashen Bank,POSITIVE,0.9998061060905457,Feature Request / General,0,2,True,en,Nice app
1289,best,5,2025-11-07,Dashen Bank,POSITIVE,0.9997941851615906,Feature Request / General,0,1,True,en,best
1290,"easy to use, friendly",5,2025-11-06,Dashen Bank,POSITIVE,0.999752938747406,UI & Design,0,4,False,en,"easy to use, friendly"
1291,"12yr more LC, UCP & ICC & loan",5,2025-11-06,Dashen Bank,NEGATIVE,0.0695924162864685,Feature Request / General,0,8,False,en,"12yr more LC, UCP & ICC & loan"
1292,"not attractive and friendly app. Check Awash, CBE apps",1,2025-11-06,Dashen Bank,NEGATIVE,0.0002030730247497,Feature Request / General,0,9,False,en,"not attractive and friendly app. Check Awash, CBE apps"
1293,amzing,5,2025-11-06,Dashen Bank,NEGATIVE,0.0010120272636413,Feature Request / General,0,1,True,en,amzing
1294,"The Dashen Super App is very impressive. It is fast, easy to use, and provides smooth access to all essential banking services. Money transfer, bill payment, balance check, and other features work efficiently without issues. The design is clean and user-friendly. Great step forward in digital banking — keep up the good work, Dashen Bank!",5,2025-11-05,Dashen Bank,POSITIVE,0.9998143315315248,Account Access,0,55,False,en,"The Dashen Super App is very impressive. It is fast, easy to use, and provides smooth access to all essential banking services. Money transfer, bill payment, balance check, and other features work efficiently without issues. The design is clean and user-friendly. Great step forward in digital banking — keep up the good work, Dashen Bank!"
1295,betam kerfafa naw,1,2025-11-05,Dashen Bank,NEGATIVE,0.0063616633415222,Feature Request / General,0,3,True,en,betam kerfafa naw
1296,exceptional,5,2025-11-05,Dashen Bank,POSITIVE,0.9998514652252196,Feature Request / General,0,1,True,en,exceptional
1297,worst app ever,1,2025-11-05,Dashen Bank,NEGATIVE,0.0002196431159973,Feature Request / General,0,3,True,en,worst app ever
1298,"Dashen, always two step ahead.",5,2025-11-05,Dashen Bank,POSITIVE,0.9996127486228944,Feature Request / General,0,5,False,en,"Dashen, always two step ahead."
1299,"Please try to fix the barrier between other banks specially with ""Commercial bank of Ethiopia""",3,2025-11-05,Dashen Bank,NEGATIVE,0.0131116509437561,Feature Request / General,0,15,False,en,"Please try to fix the barrier between other banks specially with ""Commercial bank of Ethiopia"""
1300,👍,5,2025-11-05,Dashen Bank,NEGATIVE,0.3029435276985168,Feature Request / General,0,1,True,en,👍
1301,i am using,5,2025-11-05,Dashen Bank,POSITIVE,0.9937612414360046,Feature Request / General,0,3,True,en,i am using
1302,It is a wonderful App developed by a local talent. It deserves an appreciation. It will continue to evolve with new exciting features.,5,2025-11-05,Dashen Bank,POSITIVE,0.9998525381088256,Feature Request / General,0,23,False,en,It is a wonderful App developed by a local talent. It deserves an appreciation. It will continue to evolve with new exciting features.
1303,wonderful app,5,2025-11-05,Dashen Bank,POSITIVE,0.9998787641525269,Feature Request / General,0,2,True,en,wonderful app
1304,"i love the app it features are perfect, but it asks to update too many times to activate your need to visit a nearest branch and that takes time. other than that the app is great I like it",5,2025-11-05,Dashen Bank,POSITIVE,0.9031400084495544,Feature Request / General,0,39,False,en,"i love the app it features are perfect, but it asks to update too many times to activate your need to visit a nearest branch and that takes time. other than that the app is great I like it"
1305,go ahead,5,2025-11-05,Dashen Bank,POSITIVE,0.999769389629364,Feature Request / General,0,2,True,en,go ahead
1306,its supper,5,2025-11-04,Dashen Bank,POSITIVE,0.9683654308319092,Feature Request / General,0,2,True,en,its supper
1307,Good,5,2025-11-04,Dashen Bank,POSITIVE,0.999816119670868,Feature Request / General,0,1,True,en,Good
1308,it's so boring,1,2025-11-04,Dashen Bank,NEGATIVE,0.0002060532569885,Feature Request / General,0,3,True,en,it's so boring
1309,Dashen Bank Super App is the latest version of online banking system that is the gift from Dashen bank for us Thanks to Dashen,5,2025-11-04,Dashen Bank,POSITIVE,0.9986799359321594,Feature Request / General,0,24,False,en,Dashen Bank Super App is the latest version of online banking system that is the gift from Dashen bank for us Thanks to Dashen
1310,"i rarely leave reviews, but this app truely deserves one.it's efficient ,secure , reliable and makes fanancial tasks effortless.definitely 5 stars for this exceptional app",5,2025-11-04,Dashen Bank,POSITIVE,0.9997314810752868,Feature Request / General,0,25,False,en,"i rarely leave reviews, but this app truely deserves one.it's efficient ,secure , reliable and makes fanancial tasks effortless.definitely 5 stars for this exceptional app"
1311,it has improved very much lately its working more and getting better but yet it is not fully fixed some time at night it doesn't work..i think the problem is it was launched too early.,3,2025-11-04,Dashen Bank,NEGATIVE,0.0005110502243041,Feature Request / General,0,35,False,en,it has improved very much lately its working more and getting better but yet it is not fully fixed some time at night it doesn't work..i think the problem is it was launched too early.
1312,Amazing,5,2025-11-03,Dashen Bank,POSITIVE,0.999875545501709,Feature Request / General,0,1,True,en,Amazing
1313,wow dashen bank,5,2025-11-03,Dashen Bank,POSITIVE,0.9995077848434448,Feature Request / General,0,3,True,en,wow dashen bank
1314,ብዙ ነጉር ይቀረዋል ወደ አፑ ስገባ በጣም ይዘገያል ባጭሩ ቀርፋፋ ነው,4,2025-11-02,Dashen Bank,NEUTRAL,0.0,Transaction Performance,0,11,False,am,"There are a lot of things left. When I enter the app, it is very slow. In short, it is slow"
1315,"I just updated my app to the latest version and I couldn't even see my balance, send money or do anything. It says service is unavailable and it will be fixed soon.",5,2025-11-01,Dashen Bank,NEGATIVE,0.0002736449241638,Transaction Performance,0,32,False,en,"I just updated my app to the latest version and I couldn't even see my balance, send money or do anything. It says service is unavailable and it will be fixed soon."
1316,it's too slow,1,2025-11-01,Dashen Bank,NEGATIVE,0.000212013721466,Transaction Performance,1,3,True,en,it's too slow
1317,"Before the recent update, this app was great. Now, the home page is cluttered with promotions and banners, which really hurts the experience. I think the app stopped being banking app and started only to promote b/c 95% of the app is only ads, also full of bugs",1,2025-11-01,Dashen Bank,NEGATIVE,0.0008876919746398,Feature Request / General,0,48,False,en,"Before the recent update, this app was great. Now, the home page is cluttered with promotions and banners, which really hurts the experience. I think the app stopped being banking app and started only to promote b/c 95% of the app is only ads, also full of bugs"
1318,"This might be the worst banking app I've ever used I dont know why kind of bug it is but suddenly the apps stops working it says ""Temporarily unavailable"" for a simple feature like viewing account balance and in person visit was no help it took them longer than 2 hours to fix it and even after that 2 weeks later the same problem just because of this I'm going to stop using the bank altogether which is a shame because it's a decent bank",1,2025-11-01,Dashen Bank,NEGATIVE,0.0005937814712524,Account Access,1,85,False,en,"This might be the worst banking app I've ever used I dont know why kind of bug it is but suddenly the apps stops working it says ""Temporarily unavailable"" for a simple feature like viewing account balance and in person visit was no help it took them longer than 2 hours to fix it and even after that 2 weeks later the same problem just because of this I'm going to stop using the bank altogether which is a shame because it's a decent bank"
1319,Nice app,5,2025-11-01,Dashen Bank,POSITIVE,0.9998061060905457,Feature Request / General,0,2,True,en,Nice app
1320,app is too slow not opening fast,1,2025-10-31,Dashen Bank,NEGATIVE,0.0005713105201721,Transaction Performance,1,7,False,en,app is too slow not opening fast
1321,good,5,2025-10-30,Dashen Bank,POSITIVE,0.999816119670868,Feature Request / General,0,1,True,en,good
1322,"it's seems to have some improvements, I don't know what's going on with this app sometimes get collapseed. This is not expected from Dashen bank, which is amongst from famous and greatest banks.",1,2025-10-30,Dashen Bank,NEGATIVE,0.0107885599136352,Feature Request / General,0,33,False,en,"it's seems to have some improvements, I don't know what's going on with this app sometimes get collapseed. This is not expected from Dashen bank, which is amongst from famous and greatest banks."
1323,very nise good,5,2025-10-30,Dashen Bank,POSITIVE,0.999859094619751,Feature Request / General,0,3,True,en,very nise good
1324,very interesting,5,2025-10-30,Dashen Bank,POSITIVE,0.999863862991333,Feature Request / General,0,2,True,en,very interesting
1325,what your emplyees tell as about the app when they came to our store and what actually the app is different,1,2025-10-30,Dashen Bank,POSITIVE,0.9886024594306946,Feature Request / General,0,21,False,en,what your emplyees tell as about the app when they came to our store and what actually the app is different
1326,Excellent promotion,5,2025-10-30,Dashen Bank,POSITIVE,0.9998637437820436,Feature Request / General,0,2,True,en,Excellent promotion
1327,viry good,5,2025-10-29,Dashen Bank,POSITIVE,0.9997873902320862,Feature Request / General,0,2,True,en,viry good
1328,"Dashen Bank Super App is incredibly convenient! Easy to use, fast, and reliable – a great app to manage everything in one place.",5,2025-10-29,Dashen Bank,POSITIVE,0.9995148181915284,UI & Design,0,23,False,en,"Dashen Bank Super App is incredibly convenient! Easy to use, fast, and reliable – a great app to manage everything in one place."
1329,it is the worst app ever istg 🤮🤮🤮,1,2025-10-29,Dashen Bank,NEGATIVE,0.000203788280487,Feature Request / General,0,8,False,en,it is the worst app ever istg 🤮🤮🤮
1330,"Dashen Super App is a game-changer with its sleek, user-friendly interface. Lightning-fast responses and seamless navigation make every task a breeze. Love the organized layout and clear features that save time daily. Fantastic work—highly recommended for effortless banking!",5,2025-10-28,Dashen Bank,POSITIVE,0.9998281002044678,UI & Design,0,38,False,en,"Dashen Super App is a game-changer with its sleek, user-friendly interface. Lightning-fast responses and seamless navigation make every task a breeze. Love the organized layout and clear features that save time daily. Fantastic work—highly recommended for effortless banking!"
1331,"The design is clean and modern, and everything works smoothly without bugs. I love how reliable the app is it makes banking so convenient.",5,2025-10-28,Dashen Bank,POSITIVE,0.9996851682662964,UI & Design,0,24,False,en,"The design is clean and modern, and everything works smoothly without bugs. I love how reliable the app is it makes banking so convenient."
1332,"A true banking super app! The Dashen Super App combines great design, security, and an impressive range of features. Highly recommended for anyone looking for a complete digital banking experience.",5,2025-10-28,Dashen Bank,POSITIVE,0.9998050332069396,UI & Design,0,30,False,en,"A true banking super app! The Dashen Super App combines great design, security, and an impressive range of features. Highly recommended for anyone looking for a complete digital banking experience."
1333,"​I appreciate that this app allowed me to access multiple services in one centralized place. Thank you, Dashen Bank!",5,2025-10-28,Dashen Bank,POSITIVE,0.9994890689849854,Account Access,0,19,False,en,"​I appreciate that this app allowed me to access multiple services in one centralized place. Thank you, Dashen Bank!"
1334,"This app makes my day-to-day payments so easy. Everything works perfectly, and it saves me a lot of time.",5,2025-10-28,Dashen Bank,POSITIVE,0.9997445940971376,Transaction Performance,0,19,False,en,"This app makes my day-to-day payments so easy. Everything works perfectly, and it saves me a lot of time."
1335,It’s impressive how consistently the app is improving. I’ve been using it for months and they have improved a lot in terms of not only beauty but also performance wise.,5,2025-10-28,Dashen Bank,POSITIVE,0.9998210072517396,Feature Request / General,0,30,False,en,It’s impressive how consistently the app is improving. I’ve been using it for months and they have improved a lot in terms of not only beauty but also performance wise.
1336,This app has replaced several others for me. It has everything I need in one place.,5,2025-10-28,Dashen Bank,POSITIVE,0.8051272630691528,Feature Request / General,0,16,False,en,This app has replaced several others for me. It has everything I need in one place.
1337,"The app has evolved impressively over time. The latest release adds dark and light modes that enhance usability and design. It’s intuitive, modern, and clearly built with the user in mind — setting a new benchmark for digital banking.",5,2025-10-28,Dashen Bank,POSITIVE,0.9997574687004088,UI & Design,0,39,False,en,"The app has evolved impressively over time. The latest release adds dark and light modes that enhance usability and design. It’s intuitive, modern, and clearly built with the user in mind — setting a new benchmark for digital banking."
1338,"Dashen superapp just keeps improving. The new theme options are beautiful, and the overall experience is faster and smoother than ever",5,2025-10-28,Dashen Bank,POSITIVE,0.9997761845588684,UI & Design,0,21,False,en,"Dashen superapp just keeps improving. The new theme options are beautiful, and the overall experience is faster and smoother than ever"
1339,I have been using this app for months and its easy to use and is user friendly thanks Dashen bank.,5,2025-10-28,Dashen Bank,POSITIVE,0.9983078241348268,UI & Design,0,20,False,en,I have been using this app for months and its easy to use and is user friendly thanks Dashen bank.
1340,"Finally, banking made simple! Everything I need is in one super app. A true game changer for managing my finances on the go.",5,2025-10-28,Dashen Bank,POSITIVE,0.998018741607666,Feature Request / General,0,23,False,en,"Finally, banking made simple! Everything I need is in one super app. A true game changer for managing my finances on the go."
1341,"I’ve been using the the App, and it’s been working really well for my daily transactions. Good work 👌",5,2025-10-28,Dashen Bank,POSITIVE,0.9996919631958008,Transaction Performance,0,19,False,en,"I’ve been using the the App, and it’s been working really well for my daily transactions. Good work 👌"
1342,"I appreciate how secure this app feels. Every transaction comes with confirmation, and I always get alerts immediately.",5,2025-10-28,Dashen Bank,POSITIVE,0.9954239726066588,Transaction Performance,0,18,False,en,"I appreciate how secure this app feels. Every transaction comes with confirmation, and I always get alerts immediately."
1343,I love the new dark theme it gives the app modern feel n make it more comfortable to use,5,2025-10-28,Dashen Bank,POSITIVE,0.9994518160820008,Feature Request / General,0,19,False,en,I love the new dark theme it gives the app modern feel n make it more comfortable to use
1344,"This is amazing app, as it name ,truly supper.",5,2025-10-28,Dashen Bank,POSITIVE,0.9998388290405272,Feature Request / General,0,9,False,en,"This is amazing app, as it name ,truly supper."
1345,This is one of the most user friendly and impressive apps I have encountered in the banking sector,5,2025-10-28,Dashen Bank,POSITIVE,0.9997900128364564,Feature Request / General,0,18,False,en,This is one of the most user friendly and impressive apps I have encountered in the banking sector
1346,"Amazing UI and UX, the dark mode looks absolutely awesome!",5,2025-10-28,Dashen Bank,POSITIVE,0.9998499155044556,UI & Design,0,10,False,en,"Amazing UI and UX, the dark mode looks absolutely awesome!"
1347,The updated design looks amazing. I really appreciate being able to switch between dark and light mode it’s a small change that makes a big difference!,5,2025-10-28,Dashen Bank,POSITIVE,0.9998763799667358,UI & Design,0,26,False,en,The updated design looks amazing. I really appreciate being able to switch between dark and light mode it’s a small change that makes a big difference!
1348,Astonishing interface with ease of access and complete performance,5,2025-10-28,Dashen Bank,POSITIVE,0.9997556805610656,Account Access,0,9,False,en,Astonishing interface with ease of access and complete performance
1349,"I rarely leave reviews, but this app truly deserves one. It’s efficient, secure, and makes financial tasks effortless. Definitely a 5-star experience",5,2025-10-28,Dashen Bank,POSITIVE,0.9997450709342957,Feature Request / General,0,22,False,en,"I rarely leave reviews, but this app truly deserves one. It’s efficient, secure, and makes financial tasks effortless. Definitely a 5-star experience"
1350,stunning UI with reliable service!,5,2025-10-28,Dashen Bank,POSITIVE,0.9997430443763732,UI & Design,0,5,False,en,stunning UI with reliable service!
1351,"Super Up is the ultimate digital banking app, living up to its name with speed, efficiency, and innovation. Designed for a seamless experience, it offers lightning-fast transactions, top-tier security, and effortless financial management. With Super Up, banking has never been this smooth, smart, and super!",5,2025-10-27,Dashen Bank,POSITIVE,0.9995073080062866,Transaction Performance,0,45,False,en,"Super Up is the ultimate digital banking app, living up to its name with speed, efficiency, and innovation. Designed for a seamless experience, it offers lightning-fast transactions, top-tier security, and effortless financial management. With Super Up, banking has never been this smooth, smart, and super!"
1352,"The UI is impressive, but adding an ATM withdrawal feature for cardless cash access would enhance functionality. This may require updates to the ATM system as well. Please consider this, dev team.",4,2025-10-22,Dashen Bank,POSITIVE,0.8331385254859924,Account Access,0,32,False,en,"The UI is impressive, but adding an ATM withdrawal feature for cardless cash access would enhance functionality. This may require updates to the ATM system as well. Please consider this, dev team."
1353,convinent,5,2025-10-22,Dashen Bank,NEGATIVE,0.0201146006584167,Feature Request / General,0,1,True,en,convinent
1354,Good,4,2025-10-21,Dashen Bank,POSITIVE,0.999816119670868,Feature Request / General,0,1,True,en,Good
1355,it is Excellent April jest continue more abeaten.....,4,2025-10-19,Dashen Bank,POSITIVE,0.9983513355255128,Feature Request / General,0,8,False,en,it is Excellent April jest continue more abeaten.....
1356,I like it,5,2025-10-18,Dashen Bank,POSITIVE,0.99985933303833,Feature Request / General,0,3,True,en,I like it
1357,abdrug bentahuuuu,3,2025-10-17,Dashen Bank,NEGATIVE,0.2430294752120971,Feature Request / General,0,2,True,en,abdrug bentahuuuu
1358,"Dashen SuperApp is the worst app for me because it consistently fails during transfers. When I try to send money, the transaction freezes for extended periods—sometimes a full day, and often two or three days or more. Crucially, the funds are neither delivered to the recipient nor immediately refunded to my account, which is incredibly frustrating and makes me feel like I've lost my money. The app urgently needs a technical update to ensure transactions process smoothly and reliably.",1,2025-10-14,Dashen Bank,NEGATIVE,0.0001940131187438,Account Access,1,79,False,en,"Dashen SuperApp is the worst app for me because it consistently fails during transfers. When I try to send money, the transaction freezes for extended periods—sometimes a full day, and often two or three days or more. Crucially, the funds are neither delivered to the recipient nor immediately refunded to my account, which is incredibly frustrating and makes me feel like I've lost my money. The app urgently needs a technical update to ensure transactions process smoothly and reliably."
1359,Best application,5,2025-10-14,Dashen Bank,POSITIVE,0.9998098015785216,Feature Request / General,0,2,True,en,Best application
1360,easy,5,2025-10-14,Dashen Bank,POSITIVE,0.9972309470176696,UI & Design,0,1,True,en,easy
1361,lmo,5,2025-10-13,Dashen Bank,POSITIVE,0.9923747181892396,Feature Request / General,0,1,True,en,lmo
1362,meseret birara,5,2025-10-12,Dashen Bank,NEGATIVE,0.2761033177375793,Feature Request / General,0,2,True,en,meseret birara
1363,it doesn't let me open my account,1,2025-10-12,Dashen Bank,NEGATIVE,0.0356913208961486,Account Access,1,7,False,en,it doesn't let me open my account
1364,very good,1,2025-10-11,Dashen Bank,POSITIVE,0.9998520612716676,Feature Request / General,0,2,True,en,very good
1365,it is the best,5,2025-10-11,Dashen Bank,POSITIVE,0.9998602867126464,Feature Request / General,0,4,False,en,it is the best
1366,nice and best,5,2025-10-10,Dashen Bank,POSITIVE,0.9998648166656494,Feature Request / General,0,3,True,en,nice and best
1367,good,5,2025-10-10,Dashen Bank,POSITIVE,0.999816119670868,Feature Request / General,0,1,True,en,good
1368,Finish the app development fully before you give the final result. It's is very inconvenient and not that reliable at the moment.,1,2025-10-08,Dashen Bank,NEGATIVE,0.0001903176307678,Feature Request / General,0,22,False,en,Finish the app development fully before you give the final result. It's is very inconvenient and not that reliable at the moment.
1369,hayelu Beranu Bashre,5,2025-10-07,Dashen Bank,POSITIVE,0.9403011202812196,Feature Request / General,0,3,True,en,hayelu Beranu Bashre
1370,👎👎👎👎👎👎👎👎 connection not fast,5,2025-10-07,Dashen Bank,NEGATIVE,0.0114967226982116,Feature Request / General,0,4,False,en,👎👎👎👎👎👎👎👎 connection not fast
1371,good,5,2025-10-06,Dashen Bank,POSITIVE,0.999816119670868,Feature Request / General,0,1,True,en,good
1372,"@Shewangizaw L. As a heavy user of the app , the issue you raised around resetting pass pin concerned me and gave it a try and found it to be safe. Basically the app will do two things: verifies one using an otp and then requires an in-person visit to bank's physical branch for final verification after resetting the password. Therefore, safe to use! I wish ""i""nformational tip was added around the reset button. Could not attach screenshot.",4,2025-10-06,Dashen Bank,NEGATIVE,0.0026372075080871,Account Access,0,78,False,en,"@Shewangizaw L. As a heavy user of the app , the issue you raised around resetting pass pin concerned me and gave it a try and found it to be safe. Basically the app will do two things: verifies one using an otp and then requires an in-person visit to bank's physical branch for final verification after resetting the password. Therefore, safe to use! I wish ""i""nformational tip was added around the reset button. Could not attach screenshot."
1373,perfect,5,2025-10-06,Dashen Bank,POSITIVE,0.9998517036437988,Feature Request / General,0,1,True,en,perfect
1374,for dashen bankk it is best app so why your bank onlyu one one app for mobile banking that means superr app,5,2025-10-05,Dashen Bank,NEGATIVE,0.2718107104301452,Feature Request / General,0,22,False,en,for dashen bankk it is best app so why your bank onlyu one one app for mobile banking that means superr app
1375,wow,5,2025-10-04,Dashen Bank,POSITIVE,0.999592125415802,Feature Request / General,0,1,True,en,wow
1376,tadesa melka tulluu,1,2025-10-04,Dashen Bank,NEUTRAL,0.0,Feature Request / General,0,3,True,om,tadesa melka hill
1377,I can't open virtual account.I have been trying it for about 3 days still no resolve.,2,2025-10-04,Dashen Bank,NEGATIVE,0.0008905529975891,Account Access,1,16,False,en,I can't open virtual account.I have been trying it for about 3 days still no resolve.
1378,App is passive when compare to Amole it takes 3-5 seconds to open and i cannot refresh transactions what i did.,1,2025-10-03,Dashen Bank,NEGATIVE,0.0012022256851196,Transaction Performance,1,21,False,en,App is passive when compare to Amole it takes 3-5 seconds to open and i cannot refresh transactions what i did.
1379,withdraw,1,2025-10-02,Dashen Bank,NEGATIVE,0.0010522007942199,Feature Request / General,0,1,True,en,withdraw
1380,It takes gazillion years to open 😶,3,2025-10-02,Dashen Bank,NEGATIVE,0.0090046525001525,Feature Request / General,0,7,False,en,It takes gazillion years to open 😶
1381,this app is outstanding,5,2025-10-01,Dashen Bank,POSITIVE,0.9998713731765748,Feature Request / General,0,4,False,en,this app is outstanding
1382,totally bad,1,2025-10-01,Dashen Bank,NEGATIVE,0.0002252459526062,Feature Request / General,0,2,True,en,totally bad
1383,I really appreciate but we can't use it if don't have balance or data access,2,2025-10-01,Dashen Bank,NEGATIVE,0.0113964080810546,Account Access,1,15,False,en,I really appreciate but we can't use it if don't have balance or data access
1384,nice app,5,2025-09-30,Dashen Bank,POSITIVE,0.9998061060905457,Feature Request / General,0,2,True,en,nice app
1385,ሙነጃት አብድላ ሸረፍ,2,2025-09-30,Dashen Bank,NEUTRAL,0.0,Feature Request / General,0,3,True,am,Munejat Abdullah Sheraf
1386,it fast service,5,2025-09-29,Dashen Bank,POSITIVE,0.999433696269989,Customer Support,0,3,True,en,it fast service
1387,"Good improvements after the Sep 25, 2025 update.",4,2025-09-29,Dashen Bank,POSITIVE,0.9994186162948608,Feature Request / General,0,8,False,en,"Good improvements after the Sep 25, 2025 update."
1388,I have one issue though what if the mobile phone with the sim is stolen and have no pattern or pin. The app allows to reset the pin directly without 2FA like finger print just by sending sms. which is a big gap. It should be addressed I didn't expect but it does and no trust at all.,1,2025-09-28,Dashen Bank,NEGATIVE,0.0015646815299987,Feature Request / General,0,58,False,en,I have one issue though what if the mobile phone with the sim is stolen and have no pattern or pin. The app allows to reset the pin directly without 2FA like finger print just by sending sms. which is a big gap. It should be addressed I didn't expect but it does and no trust at all.
1389,I love it 👍,5,2025-09-28,Dashen Bank,POSITIVE,0.9998791217803956,Feature Request / General,0,4,False,en,I love it 👍
1390,Best,5,2025-09-28,Dashen Bank,POSITIVE,0.9997941851615906,Feature Request / General,0,1,True,en,Best
1391,nice,5,2025-09-28,Dashen Bank,POSITIVE,0.9998552799224854,Feature Request / General,0,1,True,en,nice
1392,gooe,5,2025-09-28,Dashen Bank,NEGATIVE,0.0007013082504272,Feature Request / General,0,1,True,en,gooe
1393,nice app,5,2025-09-27,Dashen Bank,POSITIVE,0.9998061060905457,Feature Request / General,0,2,True,en,nice app
1394,Dashen super app is the best all ethiopian banks keep it,5,2025-09-27,Dashen Bank,POSITIVE,0.9997637867927552,Feature Request / General,0,11,False,en,Dashen super app is the best all ethiopian banks keep it
1395,cool app,5,2025-09-27,Dashen Bank,POSITIVE,0.999824583530426,Feature Request / General,0,2,True,en,cool app
1396,nice,5,2025-09-27,Dashen Bank,POSITIVE,0.9998552799224854,Feature Request / General,0,1,True,en,nice
1397,App That makes cashless society in our century and Easy to use.,5,2025-09-27,Dashen Bank,POSITIVE,0.99612158536911,UI & Design,0,12,False,en,App That makes cashless society in our century and Easy to use.
1398,tadass,1,2025-09-27,Dashen Bank,NEGATIVE,0.0030952095985412,Feature Request / General,0,1,True,en,tadass
1399,ሙሃጂራ,1,2025-09-27,Dashen Bank,NEUTRAL,0.0,Feature Request / General,0,1,True,am,Muhajira
1400,It is an amazing app and all in one,5,2025-09-27,Dashen Bank,POSITIVE,0.9998719692230223,Feature Request / General,0,9,False,en,It is an amazing app and all in one
1401,i dont like it,1,2025-09-27,Dashen Bank,NEGATIVE,0.0090343952178955,Feature Request / General,0,4,False,en,i dont like it
1402,Dashen is the Future,5,2025-09-27,Dashen Bank,POSITIVE,0.9976993203163148,Feature Request / General,0,4,False,en,Dashen is the Future
1403,the best version in 🇪🇹,5,2025-09-27,Dashen Bank,POSITIVE,0.999782145023346,Feature Request / General,0,5,False,en,the best version in 🇪🇹
1404,excellent,5,2025-09-26,Dashen Bank,POSITIVE,0.9998434782028198,Feature Request / General,0,1,True,en,excellent
1405,"its amazing app, visually stunning",5,2025-09-26,Dashen Bank,POSITIVE,0.9998769760131836,Feature Request / General,0,5,False,en,"its amazing app, visually stunning"
1406,"Updates every time 🥲, when it's updated, it doesn't work at all. 😭",1,2025-09-26,Dashen Bank,NEGATIVE,0.0004237294197082,Feature Request / General,0,13,False,en,"Updates every time 🥲, when it's updated, it doesn't work at all. 😭"
1407,the best app from other dashen is unique its fast app ever i had in my life,5,2025-09-26,Dashen Bank,POSITIVE,0.9998315572738647,Feature Request / General,0,17,False,en,the best app from other dashen is unique its fast app ever i had in my life
1408,I love the new user interface,5,2025-09-26,Dashen Bank,POSITIVE,0.9998557567596436,UI & Design,0,6,False,en,I love the new user interface
1409,ok,5,2025-09-26,Dashen Bank,POSITIVE,0.9997851252555848,Feature Request / General,0,1,True,en,ok
1410,"Appreciated, Always one step ahead!",5,2025-09-26,Dashen Bank,POSITIVE,0.9998669624328612,Feature Request / General,0,5,False,en,"Appreciated, Always one step ahead!"
1411,👌👌,5,2025-09-26,Dashen Bank,NEGATIVE,0.3029435276985168,Feature Request / General,0,1,True,en,👌👌
1412,The app stops working whenever there is an update unless you update the app. But it is better if it kept working on and updating should be optional.,3,2025-09-26,Dashen Bank,NEGATIVE,0.0009150505065917,Feature Request / General,0,28,False,en,The app stops working whenever there is an update unless you update the app. But it is better if it kept working on and updating should be optional.
1413,"This is the first time i have experienced this much cool app out of all the other mobile banking platforms, im genuinely happy to see this kind of app here, tnx",5,2025-09-26,Dashen Bank,POSITIVE,0.9997037053108216,UI & Design,0,31,False,en,"This is the first time i have experienced this much cool app out of all the other mobile banking platforms, im genuinely happy to see this kind of app here, tnx"
1414,it can't do without data or wifi,1,2025-09-26,Dashen Bank,NEGATIVE,0.1453233361244201,Feature Request / General,0,7,False,en,it can't do without data or wifi
1415,"The best UI banking app from all those I used, other Ethiopian banks I used have a really old UI. This is very neat and easy to use. Also so reliable.",5,2025-09-26,Dashen Bank,POSITIVE,0.9996398687362672,UI & Design,0,31,False,en,"The best UI banking app from all those I used, other Ethiopian banks I used have a really old UI. This is very neat and easy to use. Also so reliable."
1416,So nice !,5,2025-09-26,Dashen Bank,POSITIVE,0.9998644590377808,Feature Request / General,0,3,True,en,So nice !
1417,What's the problem with this app's that asking for updates on a daily basis?,1,2025-09-25,Dashen Bank,NEGATIVE,0.0003377199172973,Feature Request / General,0,14,False,en,What's the problem with this app's that asking for updates on a daily basis?
1418,good,3,2025-09-25,Dashen Bank,POSITIVE,0.999816119670868,Feature Request / General,0,1,True,en,good
1419,"Wow, I really loved the new UI/UX! Great job, Dashen Bank! You guys are the best mobile banking in Ethiopia.",5,2025-09-25,Dashen Bank,POSITIVE,0.9998483657836914,UI & Design,0,20,False,en,"Wow, I really loved the new UI/UX! Great job, Dashen Bank! You guys are the best mobile banking in Ethiopia."
1420,excellent UI improvement 💯💯,5,2025-09-24,Dashen Bank,POSITIVE,0.9994623064994812,UI & Design,0,4,False,en,excellent UI improvement 💯💯
1421,one of the best app in Ethiopia .,5,2025-09-24,Dashen Bank,POSITIVE,0.999811589717865,Feature Request / General,0,8,False,en,one of the best app in Ethiopia .
1422,great app,5,2025-09-23,Dashen Bank,POSITIVE,0.999821126461029,Feature Request / General,0,2,True,en,great app
1423,good,5,2025-09-22,Dashen Bank,POSITIVE,0.999816119670868,Feature Request / General,0,1,True,en,good
1424,Good,4,2025-09-19,Dashen Bank,POSITIVE,0.999816119670868,Feature Request / General,0,1,True,en,Good
1425,The worst app. It needs updating everyday. Ouch 🤕,1,2025-09-19,Dashen Bank,NEGATIVE,0.0001785159111022,Feature Request / General,0,9,False,en,The worst app. It needs updating everyday. Ouch 🤕
1426,safe and secure,3,2025-09-18,Dashen Bank,POSITIVE,0.9998433589935304,Feature Request / General,0,3,True,en,safe and secure
1427,በጣም ምቹ ነው,4,2025-09-15,Dashen Bank,POSITIVE,0.5563,Feature Request / General,0,3,True,am,It is very comfortable
1428,"is not working right now with snmsung galaxy f15, please help me",1,2025-09-14,Dashen Bank,NEGATIVE,0.0006492733955383,Customer Support,0,12,False,en,"is not working right now with snmsung galaxy f15, please help me"
1429,good,5,2025-09-13,Dashen Bank,POSITIVE,0.999816119670868,Feature Request / General,0,1,True,en,good
1430,Your staffs are really hardworking but the app is not like your employees,3,2025-09-12,Dashen Bank,NEGATIVE,0.0054548978805541,Feature Request / General,0,13,False,en,Your staffs are really hardworking but the app is not like your employees
1431,ዳሺባክ,5,2025-09-11,Dashen Bank,NEUTRAL,0.0,Feature Request / General,0,1,True,am,Dashibak
1432,total,5,2025-09-11,Dashen Bank,POSITIVE,0.9983637928962708,Feature Request / General,0,1,True,en,total
1433,good,5,2025-09-10,Dashen Bank,POSITIVE,0.999816119670868,Feature Request / General,0,1,True,en,good
1434,zero sezzs55sየየወደሠራዊቱ ደየእያቻቻሉ ሐየየመንደ ደም የሰው የየመን የሰው ።ደም ሐማሚጀየየ,5,2025-09-09,Dashen Bank,NEUTRAL,0.0,Feature Request / General,0,10,False,am,zero sezzs55s The blood of the people of Yemen.
1435,not werke,2,2025-09-08,Dashen Bank,NEUTRAL,0.0,Feature Request / General,0,2,True,om,not working
1436,what happened to dashen bank? this is by far the worst banking app. extremely slow when it works and is out of service all the time,1,2025-09-08,Dashen Bank,NEGATIVE,0.0001913905143737,Transaction Performance,1,26,False,en,what happened to dashen bank? this is by far the worst banking app. extremely slow when it works and is out of service all the time
1437,simple and easy to use,5,2025-09-08,Dashen Bank,POSITIVE,0.9997318387031556,UI & Design,0,5,False,en,simple and easy to use
1438,meke,4,2025-09-07,Dashen Bank,NEUTRAL,0.0,Feature Request / General,0,1,True,om,soft
1439,"not a great app compared to the others ,It freezes randomly ,Takes a lot to load ,and a lot of errors while sending money ,I stopped using it",1,2025-09-07,Dashen Bank,NEGATIVE,0.0002687573432922,Transaction Performance,1,28,False,en,"not a great app compared to the others ,It freezes randomly ,Takes a lot to load ,and a lot of errors while sending money ,I stopped using it"
1440,bad specialy at weekends,1,2025-09-07,Dashen Bank,NEGATIVE,0.000385046005249,Feature Request / General,0,4,False,en,bad specialy at weekends
1441,"I am very disappointed with the Dashin Bank Super App. The app does not allow me to withdraw 50 birr or can't transfer money and even I can't use it to buy airtime. This makes me feel like my 50 birr is no longer my money, but the bank’s money, since I cannot access or use it freely. According to the National Bank of Ethiopia (NBE), the rule is that 100 birr is not withdrawable, but it can be used to buy airtime or transferred to friends. Dashin Bank’s restriction goes beyond this rule and unfa",1,2025-09-06,Dashen Bank,NEGATIVE,0.0032225251197814,Account Access,1,96,False,en,"I am very disappointed with the Dashin Bank Super App. The app does not allow me to withdraw 50 birr or can't transfer money and even I can't use it to buy airtime. This makes me feel like my 50 birr is no longer my money, but the bank’s money, since I cannot access or use it freely. According to the National Bank of Ethiopia (NBE), the rule is that 100 birr is not withdrawable, but it can be used to buy airtime or transferred to friends. Dashin Bank’s restriction goes beyond this rule and unfa"
1442,It is good apps but it needs strong network,5,2025-09-06,Dashen Bank,NEGATIVE,0.0296553969383239,Feature Request / General,0,9,False,en,It is good apps but it needs strong network
1443,very slow,3,2025-09-06,Dashen Bank,NEGATIVE,0.0002934336662292,Transaction Performance,0,2,True,en,very slow
1444,The app doesn't allow to switch between accounts. Why is it not possible to use two accounts on the same app even if the accounts have been opened at different branch?,2,2025-09-06,Dashen Bank,NEGATIVE,0.0029228925704956,Account Access,1,31,False,en,The app doesn't allow to switch between accounts. Why is it not possible to use two accounts on the same app even if the accounts have been opened at different branch?
1445,lacag inaad amaahisan somalida maxaad ku diiden,5,2025-09-05,Dashen Bank,POSITIVE,0.2235,Feature Request / General,0,7,False,om,Why don't you refuse to lend money to Somalis?
1446,Dashin mobile banking is become worest app like others Ethiopian bank apps. Amole was the best app ever I used. It was so flexible & reliable to use. and the best app user can login with new device without go to bank physically.,1,2025-09-05,Dashen Bank,POSITIVE,0.9979987740516664,Account Access,1,43,False,en,Dashin mobile banking is become worest app like others Ethiopian bank apps. Amole was the best app ever I used. It was so flexible & reliable to use. and the best app user can login with new device without go to bank physically.
1447,"The app has potential, but the QR payment feature is disappointing. The scanner doesn’t work, and even though there’s an option to select a QR code from the gallery, it doesn’t function either. This makes paying with QR codes almost impossible. Fixing this would really improve the app.",3,2025-09-04,Dashen Bank,NEGATIVE,0.000342845916748,Account Access,0,48,False,en,"The app has potential, but the QR payment feature is disappointing. The scanner doesn’t work, and even though there’s an option to select a QR code from the gallery, it doesn’t function either. This makes paying with QR codes almost impossible. Fixing this would really improve the app."
1448,"very slow and failed transaction multiple times, previous app was much better!!",2,2025-09-04,Dashen Bank,NEGATIVE,0.0019938349723815,Transaction Performance,1,12,False,en,"very slow and failed transaction multiple times, previous app was much better!!"
1449,great 👍,5,2025-09-02,Dashen Bank,POSITIVE,0.9997692704200744,Feature Request / General,0,2,True,en,great 👍
1450,"""super Idiot app"" 1.it forced me to off many of my phone settings like developers option. 2.Never works fastly. 3.It needs multiple click. 4. Doesn't notify if received money & many many more *** The worst mobile app ever expanded***",1,2025-09-01,Dashen Bank,NEGATIVE,0.0001973509788513,Transaction Performance,1,40,False,en,"""super Idiot app"" 1.it forced me to off many of my phone settings like developers option. 2.Never works fastly. 3.It needs multiple click. 4. Doesn't notify if received money & many many more *** The worst mobile app ever expanded***"
1451,good,2,2025-09-01,Dashen Bank,POSITIVE,0.999816119670868,Feature Request / General,0,1,True,en,good
1452,dashin bank,5,2025-08-30,Dashen Bank,POSITIVE,0.9924732446670532,Feature Request / General,0,2,True,en,dashin bank
1453,muhaammad bakko,5,2025-08-30,Dashen Bank,NEGATIVE,0.0677674412727356,Feature Request / General,0,2,True,en,muhaammad bakko
1454,goog,5,2025-08-29,Dashen Bank,NEGATIVE,0.0010242462158203,Feature Request / General,0,1,True,en,goog
1455,un functional app,1,2025-08-29,Dashen Bank,NEGATIVE,0.001236081123352,Feature Request / General,0,3,True,en,un functional app
1456,trnes far,5,2025-08-27,Dashen Bank,NEGATIVE,0.3957703709602356,Feature Request / General,0,2,True,en,trnes far
1457,excellent,5,2025-08-26,Dashen Bank,POSITIVE,0.9998434782028198,Feature Request / General,0,1,True,en,excellent
1458,shimalis,4,2025-08-25,Dashen Bank,POSITIVE,0.966498613357544,Feature Request / General,0,1,True,en,shimalis
1459,አሪፍ ነው ግን ደረሰኙ የተቀባይ አካውንት እና ስም አያሳይም ።,3,2025-08-24,Dashen Bank,POSITIVE,0.1655,Feature Request / General,0,10,False,am,It's cool but the receipt doesn't show the recipient's account and name.
1460,excellent mobile banking digital,5,2025-08-24,Dashen Bank,POSITIVE,0.9998231530189514,Feature Request / General,0,4,False,en,excellent mobile banking digital
1461,"Excellent, and it's truly a super app!",5,2025-08-24,Dashen Bank,POSITIVE,0.9998637437820436,Feature Request / General,0,7,False,en,"Excellent, and it's truly a super app!"
1462,nice app,4,2025-08-23,Dashen Bank,POSITIVE,0.9998061060905457,Feature Request / General,0,2,True,en,nice app
1463,very nice app,5,2025-08-23,Dashen Bank,POSITIVE,0.9998562335968018,Feature Request / General,0,3,True,en,very nice app
1464,can't access as will if it's super and can't even access the service when you need it's a big failure,1,2025-08-22,Dashen Bank,NEGATIVE,0.0002794861793518,Account Access,1,20,False,en,can't access as will if it's super and can't even access the service when you need it's a big failure
1465,seche,1,2025-08-22,Dashen Bank,NEUTRAL,0.0,Feature Request / General,0,1,True,om,dry
1466,very fast bank,5,2025-08-22,Dashen Bank,POSITIVE,0.9985563158988952,Feature Request / General,0,3,True,en,very fast bank
1467,good and well,5,2025-08-22,Dashen Bank,POSITIVE,0.9998481273651124,Feature Request / General,0,3,True,en,good and well
1468,what a bank it is,5,2025-08-22,Dashen Bank,POSITIVE,0.9696678519248962,Feature Request / General,0,5,False,en,what a bank it is
1469,Dashen Super App contains extended selections for customers and can be easily accessible and also friendly to use.,2,2025-08-21,Dashen Bank,POSITIVE,0.9990369081497192,Account Access,1,18,False,en,Dashen Super App contains extended selections for customers and can be easily accessible and also friendly to use.
1470,great app,5,2025-08-20,Dashen Bank,POSITIVE,0.999821126461029,Feature Request / General,0,2,True,en,great app
1471,nic,5,2025-08-20,Dashen Bank,POSITIVE,0.9977141618728638,Feature Request / General,0,1,True,en,nic
1472,easy to use and the best one,5,2025-08-17,Dashen Bank,POSITIVE,0.9998494386672974,UI & Design,0,7,False,en,easy to use and the best one
1473,it is totally work of failure. I personally prefer dashen amole instead of this super dull app.,1,2025-08-16,Dashen Bank,NEGATIVE,0.0002607703208923,Feature Request / General,0,17,False,en,it is totally work of failure. I personally prefer dashen amole instead of this super dull app.
1474,very good app,5,2025-08-16,Dashen Bank,POSITIVE,0.9998675584793092,Feature Request / General,0,3,True,en,very good app
1475,The worst banking app in Ethiopia. It forces you to change your PIN every three months.,1,2025-08-16,Dashen Bank,NEGATIVE,0.000274121761322,Feature Request / General,0,16,False,en,The worst banking app in Ethiopia. It forces you to change your PIN every three months.
1476,አሪፍ,5,2025-08-15,Dashen Bank,POSITIVE,0.3182,Feature Request / General,0,1,True,am,Cool
1477,best but USSD is necessary,5,2025-08-15,Dashen Bank,POSITIVE,0.6782350540161133,Feature Request / General,0,5,False,en,best but USSD is necessary
1478,"one step forward, Ethiopian bank and e commerce industry",5,2025-08-15,Dashen Bank,POSITIVE,0.9985429048538208,Feature Request / General,0,9,False,en,"one step forward, Ethiopian bank and e commerce industry"
1479,still it's essay for user,4,2025-08-15,Dashen Bank,NEGATIVE,0.1292107701301574,Feature Request / General,0,5,False,en,still it's essay for user
1480,"Great app, unfortunately I struggle to use it from outside Ethiopia. It tells me ""VPN enabled please disable VPN to continue using the app"". And that's happening without any VPN enabled. I think I will need to switch back to CBE because I need access to my bank account globally.",1,2025-08-15,Dashen Bank,NEGATIVE,0.0047917962074279,Account Access,1,50,False,en,"Great app, unfortunately I struggle to use it from outside Ethiopia. It tells me ""VPN enabled please disable VPN to continue using the app"". And that's happening without any VPN enabled. I think I will need to switch back to CBE because I need access to my bank account globally."
1481,"It was easy enough before. but now it won't even open , why? pls help if possible. The email address you provided under the App support also can't be found by Gmail. pls respond.",3,2025-08-14,Dashen Bank,NEGATIVE,0.0003893971443176,UI & Design,0,34,False,en,"It was easy enough before. but now it won't even open , why? pls help if possible. The email address you provided under the App support also can't be found by Gmail. pls respond."
1482,good,5,2025-08-14,Dashen Bank,POSITIVE,0.999816119670868,Feature Request / General,0,1,True,en,good
1483,"There are plenty of features missed e. g electricity bill, water bill payments",2,2025-08-14,Dashen Bank,NEGATIVE,0.0009819269180297,Transaction Performance,1,13,False,en,"There are plenty of features missed e. g electricity bill, water bill payments"
1484,የሶፍትዌሩ ለአጠቃቀም ምቹና ቀላል መሆኑ ተመራጭ ያደርገዋል,5,2025-08-14,Dashen Bank,POSITIVE,0.4404,Feature Request / General,0,7,False,am,The fact that the software is convenient and easy to use makes it preferable
1485,በጣም ችግር አለበት,1,2025-08-14,Dashen Bank,NEGATIVE,-0.4201,Feature Request / General,0,3,True,am,It is very difficult
1486,best,5,2025-08-14,Dashen Bank,POSITIVE,0.9997941851615906,Feature Request / General,0,1,True,en,best
1487,great 👍 app,5,2025-08-13,Dashen Bank,POSITIVE,0.9995050430297852,Feature Request / General,0,3,True,en,great 👍 app
1488,"its a very low quality and slow application, very unreliable in times of need",1,2025-08-13,Dashen Bank,NEGATIVE,0.0002424120903015,Transaction Performance,1,14,False,en,"its a very low quality and slow application, very unreliable in times of need"
1489,ok,5,2025-08-13,Dashen Bank,POSITIVE,0.9997851252555848,Feature Request / General,0,1,True,en,ok
1490,ok,5,2025-08-13,Dashen Bank,POSITIVE,0.9997851252555848,Feature Request / General,0,1,True,en,ok
1491,very poor and time taking to use,1,2025-08-13,Dashen Bank,NEGATIVE,0.0002078413963317,Feature Request / General,0,7,False,en,very poor and time taking to use
1492,it is the best app ever i have seen Dashen bank always one step a head!!!!,5,2025-08-13,Dashen Bank,POSITIVE,0.9996755123138428,Feature Request / General,0,16,False,en,it is the best app ever i have seen Dashen bank always one step a head!!!!
1493,the new version is so good I like it,5,2025-08-13,Dashen Bank,POSITIVE,0.9998716115951538,Feature Request / General,0,9,False,en,the new version is so good I like it
1494,excellent,5,2025-08-13,Dashen Bank,POSITIVE,0.9998434782028198,Feature Request / General,0,1,True,en,excellent
1495,good,3,2025-08-13,Dashen Bank,POSITIVE,0.999816119670868,Feature Request / General,0,1,True,en,good
1496,Good,3,2025-08-12,Dashen Bank,POSITIVE,0.999816119670868,Feature Request / General,0,1,True,en,Good
1497,good job my dashen super app,5,2025-08-12,Dashen Bank,POSITIVE,0.999669313430786,Feature Request / General,0,6,False,en,good job my dashen super app
1498,Some connection issues,3,2025-08-12,Dashen Bank,NEGATIVE,0.0282644629478454,Feature Request / General,0,3,True,en,Some connection issues
1499,verry slow app 🤢,1,2025-08-12,Dashen Bank,NEGATIVE,0.0013068318367004,Transaction Performance,1,4,False,en,verry slow app 🤢
